Contest,ElectionLvl,ElectionType,Grain,Year,Address,State,County,HHL50K,HH50100K,HHRent,HHMedRent,OOMedP,DEM,AsianPacIsl,Hispanic,Female,NpaReg,SqMiles,HVMean,DemReg,RepReg,HH,F,FMeanInc,FIncL50K,FInc50100K,NFMeanInc,RegVoters,REP,WRI,OVER,UNDER,under25,btwn2544,btwn4564,over65,Shape_Length,Shape_Area
U.S. Senate,Federal,General,Precinct,2018,1000 E Eskimo Ave,FL,Hillsborough,329,111,261,37,21,1038,12,353,1147,567,0.29,101855,1351,146,472,276,50745,175,77,32520,3161,178,2,2,27,394,774,634,267,0.194229525,0.002985438
U.S. Senate,Federal,General,Precinct,2018,10001 Cross Creek Blvd,FL,Hillsborough,211,240,235,21,20,2909,341,669,2611,1494,1.31,313252,1896,1697,840,653,128946,137,174,71265,7896,2100,11,0,31,697,1523,2156,736,0.194337871,0.002988487
U.S. Senate,Federal,General,Precinct,2018,10002 N 56th St,FL,Hillsborough,361,165,353,31,17,979,34,221,873,476,0.62,128064,848,221,607,326,62460,155,102,37738,2144,288,4,1,12,247,678,468,164,0.194239836,0.002985728
U.S. Senate,Federal,General,Precinct,2018,1006 W Cypress St,FL,Hillsborough,234,105,250,33,19,1742,39,225,1243,744,0.27,213821,1244,511,435,168,89813,77,41,46438,4138,647,12,0,34,465,1104,665,284,0.213939091,0.002877247
U.S. Senate,Federal,General,Precinct,2018,1009 N Pebble Beach Blvd,FL,Hillsborough,472,259,192,33,17,667,12,45,790,309,2.03,152653,435,631,848,451,69420,173,179,38946,2105,953,6,0,13,14,35,286,1044,0.193928516,0.002976963
U.S. Senate,Federal,General,Precinct,2018,101 Trinity Lakes Dr,FL,Hillsborough,476,253,163,32,18,423,9,35,629,233,1.75,147871,311,574,839,441,68917,169,177,36808,1739,801,5,0,6,48,145,327,613,0.193924352,0.002976846
U.S. Senate,Federal,General,Precinct,2018,1010 American Eagle Blvd,FL,Hillsborough,494,274,255,33,19,200,2,1,239,76,2.10,151120,98,222,901,514,69072,211,189,40043,626,269,0,0,9,0,0,5,392,0.193936486,0.002977188
U.S. Senate,Federal,General,Precinct,2018,1017 Kingsway Rd,FL,Hillsborough,221,247,143,23,18,1377,57,382,1621,839,0.54,146279,1092,1167,572,409,75209,122,194,45431,4599,1505,11,2,20,335,873,1221,689,0.19415702,0.002983397
U.S. Senate,Federal,General,Precinct,2018,10201 E US Highway 92,FL,Hillsborough,403,176,371,34,17,968,27,388,1160,704,1.95,97843,967,437,650,429,54902,255,120,37224,3154,535,11,1,11,323,813,738,253,0.194196618,0.002984512
U.S. Senate,Federal,General,Precinct,2018,10221 Big Bend Rd,FL,Hillsborough,634,962,623,28,21,2561,109,1041,2285,1416,5.31,181365,1810,1157,2234,1748,84741,459,733,62734,7545,1639,16,1,25,568,1887,1528,438,0.194000875,0.002979001
U.S. Senate,Federal,General,Precinct,2018,10308 Lithia Pinecrest Rd,FL,Hillsborough,266,296,154,30,15,80,2,13,292,119,43.03,180834,158,299,659,501,81694,184,227,41706,832,456,2,0,0,53,136,247,140,0.194057183,0.002980587
U.S. Senate,Federal,General,Precinct,2018,10401 N Florida Ave,FL,Hillsborough,338,110,269,34,20,218,3,154,266,186,0.29,114949,276,76,494,290,56402,174,78,31834,837,97,3,0,6,84,181,201,74,0.194243087,0.00298582
U.S. Senate,Federal,General,Precinct,2018,10405 Countryway Blvd,FL,Hillsborough,231,329,404,20,17,1636,115,227,1536,873,1.25,279291,833,1349,1113,802,127887,110,228,72157,4822,1796,4,0,21,328,1071,1307,377,0.1892654,0.002737407
U.S. Senate,Federal,General,Precinct,2018,106 Rolling Hills Blvd,FL,Hillsborough,272,248,151,30,19,256,7,102,327,151,0.64,156945,229,197,674,500,77685,156,202,41767,949,339,7,0,6,30,82,205,271,0.194141271,0.002982954
U.S. Senate,Federal,General,Precinct,2018,10619 Henderson Rd,FL,Hillsborough,335,241,267,30,22,1323,114,734,1330,752,0.67,153668,1021,686,678,445,67707,197,160,44210,3735,889,8,1,21,252,800,942,475,0.194243894,0.002985843
U.S. Senate,Federal,General,Precinct,2018,10650 McIntosh Rd,FL,Hillsborough,229,202,132,29,18,258,16,81,589,315,5.81,336461,293,569,568,392,106786,98,171,46537,1739,852,3,0,3,131,282,521,249,0.19425079,0.002986037
U.S. Senate,Federal,General,Precinct,2018,10701 Sheldon Rd,FL,Hillsborough,356,243,334,28,21,2347,268,684,2240,1399,0.77,171666,1382,1524,825,530,78907,184,155,51333,6908,2134,19,0,25,428,1590,1710,602,0.194245217,0.00298588
U.S. Senate,Federal,General,Precinct,2018,10715 Main St,FL,Hillsborough,313,134,181,32,19,321,6,77,487,277,4.45,143383,328,353,525,338,68886,170,101,32432,1457,510,3,0,10,113,239,373,243,0.194256485,0.002986197
U.S. Senate,Federal,General,Precinct,2018,10801 Desoto Rd,FL,Hillsborough,424,414,398,30,20,1378,59,540,1630,926,1.09,179950,1141,968,1078,753,78455,259,290,49726,4699,1259,8,2,22,322,1105,1162,467,0.19408261,0.002981303
U.S. Senate,Federal,General,Precinct,2018,10902 N Armenia Ave,FL,Hillsborough,295,137,234,30,19,1038,24,293,1077,519,0.40,182094,811,691,550,333,81203,141,95,42249,3063,911,9,0,17,196,551,809,483,0.194247294,0.002985938
U.S. Senate,Federal,General,Precinct,2018,10905 Memorial Hwy,FL,Hillsborough,286,191,250,25,20,2492,215,1760,2544,1653,0.69,150164,2042,1316,617,382,73005,148,125,51496,7730,1660,12,2,57,616,1631,2050,738,0.194908231,0.002934528
U.S. Senate,Federal,General,Precinct,2018,110 E Kirby St,FL,Hillsborough,293,112,227,38,21,676,18,124,495,269,0.27,128799,536,184,451,266,56374,157,75,36699,1443,249,2,2,11,106,377,358,163,0.194217951,0.002985112
U.S. Senate,Federal,General,Precinct,2018,1100 W Sligh Ave,FL,Hillsborough,282,113,220,37,20,1112,59,780,1139,695,0.25,139572,1028,533,448,262,59424,150,74,39507,3467,693,8,0,28,261,712,878,422,0.194210898,0.002984914
U.S. Senate,Federal,General,Precinct,2018,11001 N 15th St,FL,Hillsborough,361,98,304,34,20,1264,27,649,1298,640,0.36,80975,1473,284,481,270,42460,187,65,27563,3617,328,4,1,27,379,853,779,396,0.194249685,0.002986006
U.S. Senate,Federal,General,Precinct,2018,11020 Park Dr,FL,Hillsborough,425,399,297,32,19,1075,54,286,1313,708,1.29,172940,833,1048,1089,794,80058,258,305,49102,4001,1338,13,0,8,298,768,1080,462,0.194070534,0.002980963
U.S. Senate,Federal,General,Precinct,2018,1104 N Kingsway Rd,FL,Hillsborough,236,198,121,29,20,405,16,160,542,294,2.05,200173,410,311,552,399,82190,136,153,36725,1558,421,2,0,9,143,307,408,164,0.194209818,0.002984883
U.S. Senate,Federal,General,Precinct,2018,1107 Charlie Griffin Rd,FL,Hillsborough,354,207,246,31,20,687,28,176,1096,494,1.66,188819,492,1069,702,535,68536,234,175,39188,3073,1359,3,0,7,238,537,789,507,0.194182715,0.002984121
U.S. Senate,Federal,General,Precinct,2018,111 Alafia Church Rd,FL,Hillsborough,237,224,140,23,13,67,2,10,121,71,68.65,188842,49,118,564,360,85891,144,126,43910,378,194,0,0,2,22,56,92,73,0.193952683,0.002977644
U.S. Senate,Federal,General,Precinct,2018,11211 Countryway Blvd,FL,Hillsborough,238,353,404,21,17,1018,68,162,972,547,1.46,307925,529,873,1208,879,136713,114,242,73277,3047,1146,4,0,12,191,568,904,302,0.190396379,0.002793205
U.S. Senate,Federal,General,Precinct,2018,11211 Sheldon Rd,FL,Hillsborough,366,253,361,29,21,434,23,255,534,307,0.83,180671,393,219,865,554,81736,183,163,50623,1479,337,3,2,8,110,289,294,233,0.194251493,0.002986056
U.S. Senate,Federal,General,Precinct,2018,11349 Bloomingdale Ave,FL,Hillsborough,420,389,456,28,19,628,28,169,779,387,0.78,173160,577,560,1033,687,78680,249,256,50692,2218,698,4,0,4,147,443,607,333,0.194098329,0.002981745
U.S. Senate,Federal,General,Precinct,2018,11380 Brookgreen Dr,FL,Hillsborough,322,228,289,30,20,1269,81,856,1245,752,0.61,213798,1003,548,711,440,89450,167,143,47440,3483,615,6,0,26,250,816,842,402,0.194248519,0.002985973
U.S. Senate,Federal,General,Precinct,2018,11400 Morris Bridge Rd,FL,Hillsborough,318,242,346,26,18,917,83,259,804,507,1.31,233905,698,342,699,418,78021,150,151,47779,2351,411,6,0,9,271,624,481,181,0.194249153,0.002985991
U.S. Senate,Federal,General,Precinct,2018,11450 Faith Cir,FL,Hillsborough,360,247,306,30,21,1535,66,1025,1478,904,0.72,167347,1140,793,750,488,72434,204,165,43594,4498,1036,12,0,28,316,972,1094,471,0.194253555,0.002986114
U.S. Senate,Federal,General,Precinct,2018,11525 Big Bend Rd,FL,Hillsborough,542,1004,548,29,19,2271,117,610,1719,980,4.29,178151,1370,887,2292,1841,88620,404,780,61104,5697,1388,13,2,12,380,1379,1189,323,0.194001571,0.002979021
U.S. Senate,Federal,General,Precinct,2018,11560 Ramble Creek Dr,FL,Hillsborough,571,683,388,31,21,2587,150,836,2523,1441,2.09,154291,1882,1418,1632,1256,73384,378,549,49188,8082,2089,17,1,30,535,1714,1615,908,0.194041051,0.002980132
U.S. Senate,Federal,General,Precinct,2018,11706 Williams Rd,FL,Hillsborough,345,205,328,31,19,878,18,148,1009,506,2.32,216188,866,516,660,409,65294,179,137,37613,2653,686,14,0,11,176,560,756,423,0.194254529,0.002986142
U.S. Senate,Federal,General,Precinct,2018,11717 Clay Pit Rd,FL,Hillsborough,271,207,191,27,18,767,33,304,1033,614,1.07,144026,773,546,596,418,76401,171,147,44775,2848,797,3,1,6,263,643,698,338,0.194189717,0.002984318
U.S. Senate,Federal,General,Precinct,2018,1200 E Lake Ave,FL,Hillsborough,225,89,190,38,20,1008,11,410,860,397,0.27,128637,1089,168,359,172,58994,101,46,38179,2456,191,4,2,22,212,548,565,335,0.194179193,0.002984022
U.S. Senate,Federal,General,Precinct,2018,1201 Skipper Rd,FL,Hillsborough,418,118,360,28,16,1059,24,779,1192,849,0.45,104313,1148,226,593,303,56582,182,73,32935,3424,251,3,0,11,526,864,655,193,0.194278214,0.002986808
U.S. Senate,Federal,General,Precinct,2018,12012 N Rome Ave,FL,Hillsborough,293,134,218,29,19,400,12,64,388,158,0.41,181344,295,260,544,339,80428,144,96,42290,1071,355,5,0,6,51,192,270,201,0.194255188,0.00298616
U.S. Senate,Federal,General,Precinct,2018,1207 N Jefferson St,FL,Hillsborough,238,98,251,35,20,586,22,128,588,548,0.38,167920,442,320,412,161,75645,85,39,42389,1969,289,1,0,11,785,234,85,214,0.208210128,0.002945947
U.S. Senate,Federal,General,Precinct,2018,1221 Victoria St,FL,Hillsborough,329,252,346,24,17,1210,59,632,1427,890,0.60,125903,1166,489,684,423,72684,170,166,44083,3670,536,9,0,15,467,1144,747,201,0.194147693,0.002983135
U.S. Senate,Federal,General,Precinct,2018,1239 Del Webb Blvd,FL,Hillsborough,478,256,209,33,18,339,6,24,388,153,1.86,150543,203,330,853,468,69437,187,178,38260,1059,490,1,0,13,3,14,136,540,0.193931422,0.002977045
U.S. Senate,Federal,General,Precinct,2018,12401 N 22nd St,FL,Hillsborough,403,99,370,34,17,134,3,5,149,26,0.49,69334,99,95,522,265,37676,188,60,25886,346,108,0,0,1,0,0,2,218,0.194259583,0.002986284
U.S. Senate,Federal,General,Precinct,2018,12404 Boyette Rd,FL,Hillsborough,313,319,136,30,19,1345,87,428,1646,912,1.42,191292,1083,1272,959,756,91247,198,270,53647,5046,1554,13,1,23,456,923,1419,487,0.194060042,0.002980667
U.S. Senate,Federal,General,Precinct,2018,12708 N Dale Mabry Hwy,FL,Hillsborough,262,209,224,28,18,793,22,190,899,374,0.58,258789,566,761,678,431,110717,118,141,58148,2367,939,4,0,14,158,352,677,520,0.194261497,0.002986338
U.S. Senate,Federal,General,Precinct,2018,12735 Knights Griffin Rd,FL,Hillsborough,291,203,145,27,16,158,5,20,362,162,11.23,258509,199,307,605,389,91935,122,172,38733,990,444,3,0,8,67,150,286,168,0.194274196,0.002986695
U.S. Senate,Federal,General,Precinct,2018,12951 W Linebaugh Ave,FL,Hillsborough,220,367,407,21,17,341,13,69,437,184,1.45,295126,236,354,1190,885,132956,113,268,74100,1137,443,1,0,5,60,178,230,312,0.166816391,0.001851679
U.S. Senate,Federal,General,Precinct,2018,1301 S 78th St,FL,Hillsborough,370,264,485,30,19,624,14,499,731,466,1.79,103230,717,207,748,443,51985,216,160,37695,2041,246,0,0,6,171,482,478,260,0.194139646,0.002982908
U.S. Senate,Federal,General,Precinct,2018,13011 Summerfield Blvd,FL,Hillsborough,600,1080,618,28,20,3487,171,1082,3118,1812,3.91,172971,2344,1758,2444,1953,87885,447,835,64118,9886,2402,33,0,19,696,2351,2190,728,0.194007152,0.002979178
U.S. Senate,Federal,General,Precinct,2018,1310 John Moore Rd,FL,Hillsborough,292,217,253,31,18,659,43,210,847,369,0.55,157998,558,703,646,438,76887,157,155,44466,2424,905,4,0,13,159,423,652,407,0.194123503,0.002982454
U.S. Senate,Federal,General,Precinct,2018,1310 S Kingsway Rd,FL,Hillsborough,228,261,129,23,19,1441,102,303,1513,747,0.87,162677,1108,1146,615,444,80291,130,202,46457,4618,1609,10,2,19,319,846,1309,545,0.194185889,0.00298421
U.S. Senate,Federal,General,Precinct,2018,13101 USF Sycamore Dr,FL,Hillsborough,382,147,437,30,11,1017,62,212,801,519,0.87,138767,783,219,608,285,53438,137,83,31344,2141,218,7,1,14,412,713,316,100,0.19426138,0.002986335
U.S. Senate,Federal,General,Precinct,2018,13115 S Village Dr,FL,Hillsborough,275,226,231,30,18,321,4,50,339,108,0.60,255374,192,310,715,455,108699,127,149,59612,912,393,1,1,3,41,99,222,254,0.194263422,0.002986392
U.S. Senate,Federal,General,Precinct,2018,13228 N Central Ave,FL,Hillsborough,359,106,291,30,19,177,12,175,286,192,0.35,110178,306,119,521,297,56991,178,71,32565,873,125,0,0,5,71,188,250,115,0.194265187,0.002986442
U.S. Senate,Federal,General,Precinct,2018,13312 Cain Rd,FL,Hillsborough,335,253,290,30,21,1568,162,593,1579,872,0.73,200215,1053,1147,767,519,83526,196,174,46783,4742,1420,12,0,18,328,911,1378,480,0.194265003,0.002986437
U.S. Senate,Federal,General,Precinct,2018,13498 S US 301,FL,Hillsborough,598,999,612,29,21,1858,80,601,1310,790,5.10,179743,1106,661,2294,1810,86336,440,764,65202,4641,1005,12,3,16,313,1166,882,221,0.193999735,0.002978969
U.S. Senate,Federal,General,Precinct,2018,13515 N US Highway 301,FL,Hillsborough,278,190,144,22,16,436,36,71,686,308,12.66,211008,378,625,570,365,90458,115,160,27845,2039,983,1,1,6,128,268,577,341,0.194291076,0.00298717
U.S. Senate,Federal,General,Precinct,2018,14013 N 22nd St,FL,Hillsborough,458,116,425,31,15,3193,132,1233,3063,1888,0.62,74894,3172,619,613,295,41199,197,66,27655,8491,629,15,1,46,1697,2302,1297,422,0.194273117,0.002986665
U.S. Senate,Federal,General,Precinct,2018,14301 Nine Eagles Dr,FL,Hillsborough,212,388,357,21,17,1927,309,337,2203,1290,1.96,319700,1087,1975,1295,993,141841,120,287,76912,6760,2812,12,1,20,410,1254,2060,659,0.182543195,0.002452455
U.S. Senate,Federal,General,Precinct,2018,14514 Del Valle Rd,FL,Hillsborough,305,233,255,25,21,1307,61,314,1255,669,0.92,237204,821,1031,769,540,95655,179,170,52344,3834,1365,8,0,21,279,685,1128,450,0.194277672,0.002986793
U.S. Senate,Federal,General,Precinct,2018,14720 Ed Radice Dr,FL,Hillsborough,243,312,337,19,18,484,23,116,571,296,1.85,316820,320,489,1066,761,134646,128,212,64204,1650,686,4,0,5,96,278,558,182,0.194279818,0.002986853
U.S. Senate,Federal,General,Precinct,2018,14735 Lake Forest Dr,FL,Hillsborough,412,124,438,29,11,1382,83,307,1128,640,0.99,113302,983,506,603,266,53783,149,66,28823,3353,541,13,1,14,535,764,571,277,0.194281965,0.002986914
U.S. Senate,Federal,General,Precinct,2018,14747 Balm Wimauma Rd,FL,Hillsborough,282,383,181,31,17,838,43,390,1205,754,18.90,213258,747,871,985,752,98436,177,294,48384,3878,1313,6,0,3,312,798,937,349,0.193973668,0.002978235
U.S. Senate,Federal,General,Precinct,2018,14801 Livingston Ave,FL,Hillsborough,443,124,434,31,14,852,29,268,844,523,0.71,99432,736,410,624,290,51979,178,66,32122,2501,528,8,0,21,225,585,573,299,0.194282392,0.002986926
U.S. Senate,Federal,General,Precinct,2018,15520 N Boulevard,FL,Hillsborough,315,166,218,22,20,684,27,117,877,310,0.68,205598,491,843,628,407,94424,152,121,44962,2393,1064,5,0,18,113,316,620,603,0.194292316,0.002987205
U.S. Senate,Federal,General,Precinct,2018,15550 Spring Pine Dr,FL,Hillsborough,252,243,215,26,18,614,37,207,693,356,0.70,250226,428,508,714,476,108597,117,170,62210,1958,629,2,0,15,112,394,470,320,0.194291098,0.002987171
U.S. Senate,Federal,General,Precinct,2018,15728 Country Lake Dr,FL,Hillsborough,260,225,208,25,20,1368,103,556,1400,747,0.63,237712,998,927,698,452,101443,120,155,54842,4083,1296,11,1,36,280,762,1088,557,0.194291979,0.002987196
U.S. Senate,Federal,General,Precinct,2018,15820 Morris Bridge Rd,FL,Hillsborough,199,226,260,19,20,3900,721,697,2917,1925,2.62,414935,2178,1648,723,555,124709,116,173,58646,9537,2330,27,2,35,755,2044,2265,727,0.192906784,0.002888764
U.S. Senate,Federal,General,Precinct,2018,16101 Compton Dr,FL,Hillsborough,242,150,333,24,16,1310,136,229,1118,624,1.79,527626,837,749,572,313,136073,84,79,46587,3309,985,6,0,14,278,634,902,413,0.194298451,0.002987378
U.S. Senate,Federal,General,Precinct,2018,1615 N Hubert Ave,FL,Hillsborough,203,90,164,31,20,1364,63,182,1005,571,0.61,248688,984,366,376,191,80772,86,47,44601,3153,509,3,1,17,307,858,496,277,0.20953998,0.002944954
U.S. Senate,Federal,General,Precinct,2018,16235 Lake Magdalene Blvd,FL,Hillsborough,340,150,246,23,21,649,24,210,647,349,0.65,181663,514,384,607,367,84732,156,106,39998,1935,493,2,0,12,114,394,473,274,0.194292458,0.002987209
U.S. Senate,Federal,General,Precinct,2018,1630 US Highway 41 S,FL,Hillsborough,436,290,263,32,19,337,6,88,492,269,3.31,149823,269,354,896,671,66073,292,231,43929,1465,551,2,0,11,42,95,249,510,0.193918584,0.002976684
U.S. Senate,Federal,General,Precinct,2018,17004 Dorman Rd,FL,Hillsborough,333,372,318,29,20,3486,241,739,4057,2357,4.52,331838,1804,3691,1548,1300,140273,197,333,60014,13449,5473,20,0,56,997,2781,3310,816,0.194049745,0.002980377
U.S. Senate,Federal,General,Precinct,2018,17112 Livingston Ave,FL,Hillsborough,299,197,238,28,19,745,32,176,953,412,1.54,256525,621,772,701,389,117830,93,124,55415,2668,1014,9,1,18,177,472,768,396,0.194314688,0.002987835
U.S. Senate,Federal,General,Precinct,2018,1720 St Cloud Ave,FL,Hillsborough,243,263,112,27,19,994,103,284,1374,684,0.90,185947,732,1263,734,577,94619,143,220,49420,3994,1604,10,0,22,302,695,1159,544,0.194118404,0.00298231
U.S. Senate,Federal,General,Precinct,2018,17302 Commerce Park Blvd,FL,Hillsborough,194,153,242,24,17,1747,270,400,1458,928,2.23,298443,1109,705,606,424,136149,96,98,41963,4407,981,6,0,20,472,1093,932,259,0.194326205,0.002988159
U.S. Senate,Federal,General,Precinct,2018,17808 Wayne Rd,FL,Hillsborough,182,179,225,17,20,913,76,181,1079,520,2.74,441208,561,960,632,442,153650,61,120,51006,3133,1331,4,0,19,202,509,970,370,0.194332134,0.002988326
U.S. Senate,Federal,General,Precinct,2018,17875 Sailfish Dr,FL,Hillsborough,233,197,312,21,19,747,17,268,778,422,1.90,401600,532,385,694,440,147705,75,122,59593,2090,511,2,0,15,176,469,478,229,0.19433366,0.002988369
U.S. Senate,Federal,General,Precinct,2018,17928 Gunn Hwy,FL,Hillsborough,220,184,293,18,19,1245,67,174,1674,750,2.29,443266,802,1796,673,431,156676,63,113,57503,5117,2491,12,2,19,332,676,1570,789,0.194329702,0.002988257
U.S. Senate,Federal,General,Precinct,2018,1801 N Lincoln Ave,FL,Hillsborough,224,97,201,34,20,1628,38,1432,1662,858,0.31,209137,1636,688,399,186,78924,93,47,45190,4632,885,8,0,35,359,924,990,923,0.194160601,0.002983498
U.S. Senate,Federal,General,Precinct,2018,1801 S Miller Rd,FL,Hillsborough,209,248,107,27,19,1573,106,388,2115,971,0.77,192136,1165,1980,683,548,96256,130,207,50846,5969,2474,14,1,24,420,1044,1793,879,0.194114819,0.002982209
U.S. Senate,Federal,General,Precinct,2018,1807 Gangway Loop,FL,Hillsborough,413,255,213,32,17,481,11,182,610,371,3.88,133242,385,425,819,589,65689,257,201,42037,2009,667,13,0,11,128,232,406,420,0.195520873,0.002971649
U.S. Senate,Federal,General,Precinct,2018,1900 Clubhouse Dr,FL,Hillsborough,477,249,167,33,18,2219,43,106,2461,1028,1.60,147557,1315,1803,837,434,69768,165,174,36650,6639,2894,15,3,51,22,71,661,3425,0.193924554,0.002976852
U.S. Senate,Federal,General,Precinct,2018,1902 S Village Ave,FL,Hillsborough,272,141,191,28,19,673,17,253,718,429,0.44,186288,581,424,539,344,85021,134,102,46320,2199,538,7,1,12,128,412,579,329,0.194261333,0.002986333
U.S. Senate,Federal,General,Precinct,2018,1904 S Park Rd,FL,Hillsborough,338,171,221,32,21,1338,12,306,1278,538,1.34,153273,1329,420,558,393,54873,209,139,28823,3438,550,7,1,13,318,781,738,459,0.194197322,0.002984532
U.S. Senate,Federal,General,Precinct,2018,1906 Bloomingdale Ave,FL,Hillsborough,170,198,98,25,18,188,4,25,211,114,0.77,212826,116,214,627,525,104553,116,172,54364,654,248,4,1,4,42,133,173,99,0.19409848,0.002981749
U.S. Senate,Federal,General,Precinct,2018,1910 S Pebble Beach Blvd,FL,Hillsborough,463,248,139,32,18,1171,18,37,1274,564,1.73,142020,530,1217,811,420,67776,161,173,35816,3732,1963,9,0,24,14,32,484,1802,0.193912804,0.002976521
U.S. Senate,Federal,General,Precinct,2018,19911 Bruce B Downs Blvd,FL,Hillsborough,211,230,238,22,19,2221,335,581,2014,1265,1.31,252349,1440,1212,857,659,127988,135,157,72959,6199,1586,8,0,31,461,1270,1544,662,0.186059659,0.002479014
U.S. Senate,Federal,General,Precinct,2018,200 Kingsway Rd,FL,Hillsborough,247,225,161,28,18,1261,119,511,1391,739,0.52,147148,991,964,589,418,74625,138,174,44036,4172,1256,10,0,19,263,759,1105,582,0.194143182,0.002983008
U.S. Senate,Federal,General,Precinct,2018,2001 N Park Rd,FL,Hillsborough,345,185,220,30,19,157,2,92,302,171,1.54,127588,189,231,578,404,56024,214,147,30577,884,334,6,0,4,73,155,227,137,0.194231669,0.002985498
U.S. Senate,Federal,General,Precinct,2018,2014 Providence Rd,FL,Hillsborough,497,451,646,29,19,1068,66,377,1158,639,0.77,154122,880,732,1157,715,72005,288,270,50680,3282,911,5,0,11,233,710,972,353,0.194106149,0.002981965
U.S. Senate,Federal,General,Precinct,2018,203 N Moon Ave,FL,Hillsborough,290,235,252,26,17,777,41,336,898,458,0.51,138087,695,494,630,418,72693,157,167,43537,2451,640,5,0,21,190,507,564,400,0.194143093,0.002983005
U.S. Senate,Federal,General,Precinct,2018,2101 E M L K Jr Blvd,FL,Hillsborough,230,79,175,39,21,1703,8,218,1372,505,0.29,110005,1762,92,339,180,48859,117,46,34089,3619,103,11,0,34,370,852,748,397,0.194182626,0.002984118
U.S. Senate,Federal,General,Precinct,2018,2101 Lowe St,FL,Hillsborough,240,92,232,36,20,454,4,131,383,130,0.39,133921,454,43,392,165,65610,95,41,38641,1018,68,2,0,9,81,189,155,204,0.194164856,0.002983618
U.S. Senate,Federal,General,Precinct,2018,2101 Lowe Street,FL,Hillsborough,240,92,232,36,20,865,9,186,648,317,0.39,133921,746,151,392,165,65610,95,41,38641,1854,195,4,0,12,149,442,406,228,0.194164856,0.002983618
U.S. Senate,Federal,General,Precinct,2018,2102 Bell Shoals Rd,FL,Hillsborough,226,209,143,28,19,753,55,196,981,439,0.63,182408,617,897,608,458,87815,133,166,48579,2899,1176,4,1,14,177,478,785,524,0.194115967,0.002982242
U.S. Senate,Federal,General,Precinct,2018,2121 E 131st Ave,FL,Hillsborough,422,106,383,32,17,693,28,388,784,496,0.51,70233,840,163,554,276,38696,191,65,26222,2145,137,4,1,13,396,641,326,145,0.194263769,0.002986402
U.S. Senate,Federal,General,Precinct,2018,215 Sydney Washer Rd,FL,Hillsborough,388,263,197,39,19,2250,172,859,2818,1588,2.69,138243,1743,2026,767,548,61601,239,202,40841,8464,2699,13,0,32,644,1764,2061,927,0.194142862,0.002982999
U.S. Senate,Federal,General,Precinct,2018,2202 E Busch Blvd,FL,Hillsborough,383,107,320,39,21,1681,36,837,1871,980,0.35,89970,2006,450,514,295,42396,202,75,28120,5228,544,10,1,29,553,1178,1212,508,0.194231973,0.002985507
U.S. Senate,Federal,General,Precinct,2018,2207 W Baker St,FL,Hillsborough,335,156,257,30,19,1002,23,692,1341,785,0.87,129214,1002,664,538,385,53608,212,130,28258,3757,948,12,1,18,385,829,851,399,0.194219105,0.002985145
U.S. Senate,Federal,General,Precinct,2018,2215 Bloomingdale Ave,FL,Hillsborough,164,210,100,24,18,169,21,40,291,156,0.85,220855,134,261,648,549,108926,114,182,53517,810,320,2,0,2,59,151,233,113,0.194098308,0.002981745
U.S. Senate,Federal,General,Precinct,2018,2224 Corrine St,FL,Hillsborough,266,106,285,35,19,287,2,288,317,207,0.82,145837,316,115,449,173,70951,94,41,38295,990,163,1,0,7,91,201,218,130,0.194151189,0.002983233
U.S. Senate,Federal,General,Precinct,2018,2312 W Union St,FL,Hillsborough,231,101,230,33,19,865,4,191,685,301,0.24,201064,843,92,416,172,83474,82,46,45719,1792,95,5,0,17,209,468,351,212,0.198431257,0.002980955
U.S. Senate,Federal,General,Precinct,2018,2402 Mud Lake Rd,FL,Hillsborough,339,183,239,30,20,806,77,175,1065,480,1.34,179855,539,1052,651,498,65371,226,157,36922,3244,1448,3,0,6,241,623,791,429,0.194186892,0.002984238
U.S. Senate,Federal,General,Precinct,2018,2511 E Columbus Dr,FL,Hillsborough,238,78,205,39,20,2048,27,372,1465,657,0.51,107708,1989,224,355,165,54006,108,39,33086,4496,259,13,0,24,409,1145,889,445,0.194168547,0.002983722
U.S. Senate,Federal,General,Precinct,2018,2515 Bayshore Blvd,FL,Hillsborough,144,93,170,25,19,828,44,88,792,343,0.19,401571,466,727,389,182,137381,42,35,67430,2282,908,3,0,14,142,387,741,274,0.256539792,0.002230015
U.S. Senate,Federal,General,Precinct,2018,2602 S Kings Ave,FL,Hillsborough,305,243,296,29,19,1755,122,662,1861,1075,0.59,168524,1369,1061,698,473,78261,171,170,46887,5341,1344,13,0,28,408,1239,1294,584,0.194111842,0.002982126
U.S. Senate,Federal,General,Precinct,2018,2629 Bayshore Blvd,FL,Hillsborough,133,95,157,23,19,1316,27,139,1206,457,0.18,422539,774,899,393,193,147181,40,39,72308,3224,1159,3,0,11,149,545,591,863,0.259066845,0.002210561
U.S. Senate,Federal,General,Precinct,2018,2707 W Waters Ave,FL,Hillsborough,320,142,251,34,20,1888,89,1130,1847,1076,0.36,161872,1629,794,551,344,73059,173,100,39063,5380,1149,13,1,28,472,1228,1172,642,0.19422498,0.00298531
U.S. Senate,Federal,General,Precinct,2018,2708 N Central Ave,FL,Hillsborough,245,97,234,36,20,973,11,235,792,398,0.31,133761,975,134,403,170,65724,95,45,39747,2313,176,7,0,16,247,632,472,164,0.194168855,0.00298373
U.S. Senate,Federal,General,Precinct,2018,2828 W Kirby St,FL,Hillsborough,324,135,257,35,21,562,34,658,705,494,0.33,156357,616,318,539,342,69046,183,97,38796,2120,441,3,1,6,170,469,511,284,0.194217919,0.002985111
U.S. Senate,Federal,General,Precinct,2018,2902 W Bearss Ave,FL,Hillsborough,267,215,213,24,18,1845,118,789,2027,1034,0.62,234901,1402,1430,679,446,107306,122,152,56444,5769,1770,8,2,27,432,1112,1565,779,0.194284919,0.002986997
U.S. Senate,Federal,General,Precinct,2018,2902 W Fletcher Ave,FL,Hillsborough,241,172,169,25,18,943,50,259,960,435,0.54,239613,701,657,593,389,105711,110,125,52750,2625,910,4,0,16,172,553,657,423,0.194263994,0.002986408
U.S. Senate,Federal,General,Precinct,2018,3015 S 75th St,FL,Hillsborough,413,291,450,32,19,697,19,537,857,523,1.77,117507,836,340,817,513,54446,257,181,39793,2541,447,4,0,4,216,527,630,330,0.194123235,0.002982446
U.S. Senate,Federal,General,Precinct,2018,302 W Kennedy Blvd,FL,Hillsborough,230,111,267,32,19,1416,80,198,935,739,0.40,233291,709,708,443,163,94394,70,39,48973,3471,930,8,0,11,249,1287,550,103,0.219714932,0.002790708
U.S. Senate,Federal,General,Precinct,2018,302 W McLendon St,FL,Hillsborough,342,172,254,31,19,745,15,296,1235,659,0.93,133695,721,907,563,402,53479,217,141,29194,3429,1301,11,0,15,255,641,862,544,0.194218077,0.002985116
U.S. Senate,Federal,General,Precinct,2018,305 N Manhattan Ave,FL,Hillsborough,170,88,138,26,20,978,59,252,912,550,0.51,343901,648,599,373,197,109217,66,45,52444,2888,746,12,0,23,182,675,659,303,0.232540065,0.00274919
U.S. Senate,Federal,General,Precinct,2018,3104 Bryan Rd,FL,Hillsborough,246,209,157,28,19,649,28,148,817,373,0.69,190617,494,707,655,500,88769,148,169,48542,2297,891,4,0,10,177,409,630,366,0.194103154,0.002981881
U.S. Senate,Federal,General,Precinct,2018,3109 W Lutz Lake Fern Rd,FL,Hillsborough,212,207,97,31,20,967,126,227,993,553,2.01,365340,554,873,769,629,132428,140,174,67339,3104,1207,6,0,17,235,648,850,261,0.187189196,0.002537075
U.S. Senate,Federal,General,Precinct,2018,3120 Clay Mangum Ln,FL,Hillsborough,246,183,172,25,18,803,36,173,826,334,0.56,238945,572,668,619,407,107817,111,132,54124,2271,845,4,1,13,144,371,620,448,0.194268741,0.002986542
U.S. Senate,Federal,General,Precinct,2018,3223 Gallagher Rd,FL,Hillsborough,211,199,130,30,21,537,17,412,1062,613,1.84,221990,627,826,531,411,76952,136,166,43995,3058,1156,3,0,13,271,558,758,490,0.194195153,0.002984471
U.S. Senate,Federal,General,Precinct,2018,3310 E Lake Ave,FL,Hillsborough,245,72,174,41,22,1478,1,95,1134,340,0.44,97349,1573,67,339,189,43947,131,44,29270,3044,70,6,1,26,309,625,679,374,0.194179163,0.002984021
U.S. Senate,Federal,General,Precinct,2018,3310 Moores Lake Rd,FL,Hillsborough,225,131,154,35,21,382,27,202,773,351,2.03,218491,429,772,443,340,74352,152,112,40337,2262,1118,4,0,7,165,353,660,385,0.194197416,0.002984534
U.S. Senate,Federal,General,Precinct,2018,3315 W Lemon St,FL,Hillsborough,204,93,190,31,20,2075,80,593,1855,936,0.25,260785,1533,1036,390,182,94276,81,41,48680,5256,1319,11,2,25,408,1355,1033,740,0.19415336,0.002983294
U.S. Senate,Federal,General,Precinct,2018,3402 Activities Lane,FL,Hillsborough,302,296,165,31,19,1213,60,416,1575,771,1.03,152253,962,1163,754,559,76108,175,240,43301,4545,1686,7,0,28,301,720,1132,761,0.19413991,0.002982916
U.S. Senate,Federal,General,Precinct,2018,3409 Cork Rd,FL,Hillsborough,251,135,177,24,15,509,19,154,1202,528,2.37,134455,551,1216,475,356,67084,166,108,37301,3431,1664,6,1,14,282,588,916,520,0.194246912,0.002985927
U.S. Senate,Federal,General,Precinct,2018,3410 Nesmith Rd,FL,Hillsborough,249,220,129,29,19,473,27,253,856,418,4.01,172700,585,639,607,476,76311,166,180,33369,2477,927,8,0,13,226,503,604,315,0.181579781,0.002402785
U.S. Senate,Federal,General,Precinct,2018,3414 Culbreath Rd,FL,Hillsborough,163,200,101,24,18,557,29,133,666,346,0.90,221385,380,553,638,539,109039,114,173,54550,1931,683,5,0,6,163,387,539,197,0.194097457,0.002981721
U.S. Senate,Federal,General,Precinct,2018,3505 W Lone Oak Rd,FL,Hillsborough,316,210,155,32,18,369,21,263,822,459,2.42,189704,479,661,729,586,77356,216,195,43245,2416,986,6,0,9,226,427,629,326,0.194161623,0.002983527
U.S. Senate,Federal,General,Precinct,2018,3511 W Bay To Bay Blvd,FL,Hillsborough,125,96,137,20,19,1713,80,167,1645,662,0.19,448291,973,1533,397,217,155885,43,46,77073,4709,1906,5,0,28,279,1033,1358,517,0.207608079,0.00250997
U.S. Senate,Federal,General,Precinct,2018,3515 McFarland Rd,FL,Hillsborough,275,180,242,29,17,1316,27,245,1346,533,0.49,231184,933,1158,627,386,99826,128,118,51718,3772,1531,4,0,22,229,629,1042,734,0.194251658,0.002986061
U.S. Senate,Federal,General,Precinct,2018,3600 W Ballast Point Blvd,FL,Hillsborough,177,131,190,25,17,1571,121,265,1629,987,0.41,275740,1127,1103,461,261,121032,74,77,80844,4836,1460,11,2,22,236,1170,1284,547,0.209462593,0.00256158
U.S. Senate,Federal,General,Precinct,2018,3616 W Gandy Blvd,FL,Hillsborough,165,125,166,24,18,806,29,80,740,311,0.26,298451,482,637,446,257,123312,68,73,79544,2136,792,5,0,15,118,451,593,277,0.201389736,0.002490835
U.S. Senate,Federal,General,Precinct,2018,3714 W Linebaugh Ave,FL,Hillsborough,313,170,271,31,18,693,46,185,800,331,0.47,206513,507,682,626,390,87913,164,109,44118,2236,888,5,0,3,154,412,565,399,0.194239211,0.002985711
U.S. Senate,Federal,General,Precinct,2018,3723 W Bay To Bay Blvd,FL,Hillsborough,123,96,134,20,18,2039,71,247,1978,733,0.20,456926,1234,1893,396,221,157698,41,47,76065,5728,2403,7,2,18,326,1192,1686,675,0.211685563,0.002568597
U.S. Senate,Federal,General,Precinct,2018,3724 N 54th St,FL,Hillsborough,294,79,195,41,21,1105,12,187,989,438,1.00,82372,1176,159,395,248,39211,178,53,28928,2767,160,8,0,24,282,612,590,293,0.194180032,0.002984045
U.S. Senate,Federal,General,Precinct,2018,3809 W Broad St,FL,Hillsborough,349,140,291,33,22,1417,142,1692,1686,1117,0.52,157461,1439,685,570,359,65320,202,95,37640,4957,927,8,1,27,427,1134,1112,579,0.194216465,0.002985071
U.S. Senate,Federal,General,Precinct,2018,3905 Orange St,FL,Hillsborough,277,220,212,25,18,1191,88,292,1228,621,0.88,132503,949,783,613,422,75930,170,155,45721,3489,1025,5,0,15,257,687,974,454,0.19418102,0.002984073
U.S. Senate,Federal,General,Precinct,2018,3910 S Manhattan Ave,FL,Hillsborough,129,99,118,19,18,655,34,136,688,393,0.22,393605,492,436,399,246,143250,52,60,78832,1992,609,4,0,24,140,474,413,310,0.223409183,0.002425519
U.S. Senate,Federal,General,Precinct,2018,3943 New River Hills Pkwy,FL,Hillsborough,156,180,95,25,19,520,39,76,869,367,2.42,273063,318,1030,675,580,123829,112,150,54702,2493,1316,4,0,13,165,386,767,405,0.194088094,0.002981457
U.S. Senate,Federal,General,Precinct,2018,400 E Harrison St,FL,Hillsborough,239,101,255,34,20,407,5,111,207,108,0.37,185104,222,98,422,162,80263,82,39,43583,764,142,0,0,9,44,151,113,121,0.211263543,0.002922556
U.S. Senate,Federal,General,Precinct,2018,401 Pauls Dr,FL,Hillsborough,406,303,518,28,17,661,17,218,710,362,0.62,129652,555,331,828,489,68461,217,180,46704,1861,386,4,0,8,133,443,439,240,0.194132392,0.002982704
U.S. Senate,Federal,General,Precinct,2018,4020 S Manhattan Ave,FL,Hillsborough,135,104,125,20,18,2497,103,407,2659,1237,0.21,368821,1727,2094,407,248,139115,55,63,81955,7517,2716,12,2,61,444,1578,1955,1109,0.225915346,0.002423394
U.S. Senate,Federal,General,Precinct,2018,408 Limona Rd,FL,Hillsborough,347,264,396,23,16,1114,33,307,1143,587,0.66,121829,856,766,718,434,72133,178,170,44559,3408,990,11,0,14,249,674,859,444,0.194147306,0.002983124
U.S. Senate,Federal,General,Precinct,2018,410 30th St SE,FL,Hillsborough,501,277,268,35,21,3091,137,1086,2931,1767,2.50,148273,2133,1757,918,601,66525,266,207,35972,10061,2723,23,0,23,698,2273,2088,653,0.193929019,0.002976977
U.S. Senate,Federal,General,Precinct,2018,410 E Chapman Rd,FL,Hillsborough,331,152,234,23,20,781,39,140,936,396,0.98,214176,612,805,618,354,93321,135,100,43277,2613,1056,9,0,19,165,423,821,412,0.194302678,0.002987497
U.S. Senate,Federal,General,Precinct,2018,4100 E Fletcher Ave,FL,Hillsborough,451,133,496,32,10,97,1,4,148,21,0.82,87516,77,113,632,284,43942,173,73,25148,308,118,0,0,7,0,1,6,204,0.194267356,0.002986503
U.S. Senate,Federal,General,Precinct,2018,4103 USF Cedar Dr,FL,Hillsborough,315,198,269,27,19,1036,41,169,498,346,0.98,156741,421,176,611,378,71639,161,131,47780,1768,280,4,0,10,835,99,18,3,0.194230053,0.002985453
U.S. Senate,Federal,General,Precinct,2018,4113 Great Golfers Pl,FL,Hillsborough,167,193,106,24,18,581,44,82,788,386,1.21,230108,335,839,669,566,111331,119,167,58726,2386,1043,4,0,7,182,380,713,291,0.194081977,0.002981285
U.S. Senate,Federal,General,Precinct,2018,4120 N MacDill Ave,FL,Hillsborough,260,93,204,35,21,989,32,862,1046,475,0.34,136797,982,482,399,217,57074,129,57,37914,2898,638,5,1,11,163,523,574,689,0.19417846,0.002984001
U.S. Senate,Federal,General,Precinct,2018,415 Woodmont Ave,FL,Hillsborough,368,174,334,32,19,1403,52,223,1312,565,0.61,137100,1062,828,629,355,65918,168,112,41007,3379,980,5,0,17,313,677,882,600,0.194235068,0.002985594
U.S. Senate,Federal,General,Precinct,2018,420 Bullard Pkwy,FL,Hillsborough,376,174,326,32,19,1068,26,234,966,460,0.64,135999,808,515,636,367,65086,181,113,41296,2679,649,8,1,7,220,504,689,384,0.194231912,0.002985505
U.S. Senate,Federal,General,Precinct,2018,4207 W Oklahoma Ave,FL,Hillsborough,193,144,219,27,17,1508,131,463,1572,962,0.58,229880,1227,821,471,254,108875,78,84,74390,4604,1000,14,1,30,393,1151,999,490,0.229264141,0.002636522
U.S. Senate,Federal,General,Precinct,2018,4240 N Frontage Rd,FL,Hillsborough,376,258,313,22,18,276,24,85,734,301,4.85,168086,343,726,711,480,73498,235,177,37789,2052,1066,9,0,10,129,311,564,371,0.166838331,0.001856147
U.S. Senate,Federal,General,Precinct,2018,4305 James L Redman Pkwy,FL,Hillsborough,355,219,215,33,18,155,6,96,433,181,4.03,177855,213,428,706,549,67662,239,190,35851,1210,613,3,1,6,103,206,327,191,0.194158271,0.002983433
U.S. Senate,Federal,General,Precinct,2018,4417 Northdale Blvd,FL,Hillsborough,260,241,218,25,19,941,43,311,932,489,0.68,236406,692,488,721,478,102616,123,166,59472,2550,640,7,0,12,193,540,580,372,0.194296648,0.002987327
U.S. Senate,Federal,General,Precinct,2018,4450 County Road 579,FL,Hillsborough,270,212,200,26,18,1044,23,438,1352,771,0.97,139709,1032,651,601,418,76488,169,150,45673,3539,784,6,0,7,353,877,794,439,0.19418714,0.002984245
U.S. Senate,Federal,General,Precinct,2018,4537 Lowell Rd,FL,Hillsborough,276,231,228,29,19,1564,103,737,1708,918,0.57,240057,1216,1046,711,452,103110,132,150,58400,4786,1413,10,0,29,345,903,1262,687,0.194264319,0.002986417
U.S. Senate,Federal,General,Precinct,2018,4702 W McCoy St,FL,Hillsborough,221,163,259,30,16,2489,191,575,2894,1847,1.10,148517,1931,1905,496,270,90986,92,99,62827,8674,2368,21,0,40,665,2413,1956,705,0.231757758,0.002426667
U.S. Senate,Federal,General,Precinct,2018,4711 N Central Ave,FL,Hillsborough,225,89,172,39,20,1287,13,299,931,428,0.21,132979,920,459,358,193,58301,110,54,39850,2786,628,7,1,12,137,627,675,377,0.194189459,0.00298431
U.S. Senate,Federal,General,Precinct,2018,4809 Alexander St N,FL,Hillsborough,375,168,115,28,17,234,13,54,596,302,7.52,123803,271,601,630,431,63288,213,139,35781,1849,914,1,0,9,106,314,536,225,0.194273985,0.002986689
U.S. Senate,Federal,General,Precinct,2018,4810 N Himes Ave,FL,Hillsborough,307,102,224,35,22,154,4,202,225,202,0.48,127842,245,103,457,274,52701,169,72,35554,802,102,0,0,4,159,144,185,64,0.194190656,0.002984344
U.S. Senate,Federal,General,Precinct,2018,4811 Ehrlich Rd,FL,Hillsborough,253,224,197,26,20,1379,68,365,1446,717,0.56,229501,954,1082,678,440,98747,119,153,53276,4026,1431,7,1,21,261,692,1046,768,0.194282414,0.002986927
U.S. Senate,Federal,General,Precinct,2018,4811 George Rd,FL,Hillsborough,232,178,272,23,19,695,26,363,668,474,1.27,170110,563,267,525,310,71008,135,98,48439,1979,319,2,0,6,205,641,336,141,0.199436567,0.002944386
U.S. Senate,Federal,General,Precinct,2018,4929 Bell Shoals Rd,FL,Hillsborough,212,233,109,28,19,1283,67,294,1583,824,1.31,220946,916,1424,783,659,104072,148,205,54250,4749,1851,13,1,17,328,837,1369,652,0.194070664,0.002980966
U.S. Senate,Federal,General,Precinct,2018,5009 Nesmith Rd,FL,Hillsborough,256,202,148,34,19,676,14,171,703,308,5.88,210571,621,389,637,565,72608,221,180,34978,2074,573,1,0,6,172,386,486,281,0.184585153,0.002538306
U.S. Senate,Federal,General,Precinct,2018,501 S Dale Mabry Hwy,FL,Hillsborough,162,91,157,26,21,1170,58,166,1142,446,0.25,355434,736,1055,382,189,121251,58,40,57314,3420,1366,4,0,16,199,676,932,443,0.210195837,0.00289234
U.S. Senate,Federal,General,Precinct,2018,501 S Kingsway Rd,FL,Hillsborough,233,249,130,25,19,1292,84,362,1461,778,1.06,164410,1046,1050,592,420,77088,134,189,44987,4305,1437,9,0,16,310,843,1212,529,0.194192242,0.002984389
U.S. Senate,Federal,General,Precinct,2018,5019 N 34th St,FL,Hillsborough,272,85,187,42,23,1732,5,167,1354,380,0.32,105410,1844,80,384,232,45144,156,57,31091,3582,96,7,0,25,356,732,748,473,0.194192492,0.002984396
U.S. Senate,Federal,General,Precinct,2018,502 Druid Hills Rd,FL,Hillsborough,357,185,371,29,17,1749,55,232,1483,625,0.63,143328,1207,975,639,344,67126,148,115,40790,4047,1258,10,1,25,355,748,948,775,0.194242458,0.002985802
U.S. Senate,Federal,General,Precinct,2018,502 E Sadie St,FL,Hillsborough,253,229,177,27,18,500,19,308,664,385,0.51,144012,452,367,592,413,73793,139,174,44329,1732,456,3,0,9,151,384,420,259,0.194144324,0.00298304
U.S. Senate,Federal,General,Precinct,2018,5030 E Busch Blvd,FL,Hillsborough,394,153,339,34,19,2115,86,631,1778,932,0.62,120939,1774,555,614,345,58015,189,98,35340,5077,645,12,0,35,635,1080,996,567,0.194232023,0.002985508
U.S. Senate,Federal,General,Precinct,2018,5101 N Rome Ave,FL,Hillsborough,244,104,182,36,20,1102,20,494,1015,423,0.23,141692,968,476,399,225,61518,125,66,43240,2785,676,4,0,19,163,551,663,498,0.194191166,0.002984359
U.S. Senate,Federal,General,Precinct,2018,5101 Van Dyke Rd,FL,Hillsborough,266,213,309,23,19,1026,135,245,1167,596,1.32,318027,571,1073,703,434,116385,104,134,62225,3525,1488,9,1,16,249,548,964,500,0.19432421,0.002988103
U.S. Senate,Federal,General,Precinct,2018,5103 N Central Ave,FL,Hillsborough,234,92,177,39,21,1497,22,247,984,487,0.21,132818,1016,410,369,208,56843,120,59,39606,3003,530,6,1,20,177,805,671,277,0.194193636,0.002984428
U.S. Senate,Federal,General,Precinct,2018,5107 W Lutz Lake Fern Rd,FL,Hillsborough,246,225,263,26,20,993,58,221,1201,577,2.08,395514,623,1157,800,573,144846,109,163,62509,3643,1622,6,0,16,255,541,1135,440,0.187418528,0.002545824
U.S. Senate,Federal,General,Precinct,2018,5201 N Armenia Ave,FL,Hillsborough,268,111,195,36,21,946,53,838,972,594,0.27,139781,928,343,436,255,63456,143,73,43071,2919,419,9,2,14,247,647,584,395,0.194194601,0.002984455
U.S. Senate,Federal,General,Precinct,2018,5212 Interbay Blvd,FL,Hillsborough,170,135,186,23,19,781,29,81,798,356,0.49,315780,489,618,478,284,129149,75,84,81217,2248,842,6,0,15,93,477,535,364,0.019889281,1.79286E-05
U.S. Senate,Federal,General,Precinct,2018,5309 US HWY 41 N,FL,Hillsborough,536,490,372,31,21,1492,78,318,1890,1052,4.58,219060,1090,1580,1418,1088,86233,346,397,53327,6092,2360,12,0,19,328,1092,1615,724,0.195527091,0.0029383
U.S. Senate,Federal,General,Precinct,2018,5315 Van Dyke Rd,FL,Hillsborough,237,199,277,22,19,1134,68,346,1143,612,1.39,329924,786,898,670,428,124203,92,129,62589,3533,1171,7,0,8,247,651,923,484,0.194324209,0.002988103
U.S. Senate,Federal,General,Precinct,2018,5395 Ehrlich Rd,FL,Hillsborough,272,220,208,26,21,1398,58,516,1410,709,0.62,223506,989,1030,694,476,94718,152,157,50521,4043,1297,9,0,25,250,695,1178,627,0.19427904,0.002986832
U.S. Senate,Federal,General,Precinct,2018,5415 Palm River Rd,FL,Hillsborough,264,78,198,36,18,666,13,314,692,362,2.12,86384,734,208,364,227,39412,158,54,29693,1900,272,3,0,9,156,435,457,260,0.194145739,0.00298308
U.S. Senate,Federal,General,Precinct,2018,5500 E Sligh Ave,FL,Hillsborough,411,146,313,37,22,658,6,94,525,172,0.76,107726,657,74,605,356,51059,222,94,33731,1390,81,2,0,13,116,328,305,156,0.194210894,0.002984914
U.S. Senate,Federal,General,Precinct,2018,5500 Memorial Hwy,FL,Hillsborough,243,197,316,21,18,1205,82,961,1391,911,1.13,193434,1115,779,585,319,80938,127,100,53343,4247,1034,7,1,24,342,934,957,581,0.206733071,0.002467048
U.S. Senate,Federal,General,Precinct,2018,5601 Hanley Rd,FL,Hillsborough,266,189,232,25,20,1961,156,1350,1959,1206,0.83,164103,1571,972,561,350,74159,156,118,53406,5797,1287,8,0,19,359,1180,1403,822,0.194647517,0.002984478
U.S. Senate,Federal,General,Precinct,2018,5609 N Albany Ave,FL,Hillsborough,265,111,202,36,20,848,22,622,875,448,0.26,141842,786,412,433,252,64344,138,74,43335,2511,492,5,0,14,180,488,619,376,0.194198525,0.002984566
U.S. Senate,Federal,General,Precinct,2018,5705 Hillsborough St,FL,Hillsborough,480,228,367,35,15,1872,70,1017,1925,1214,5.37,132735,1254,1176,801,610,52213,361,170,32875,6389,2053,10,0,28,468,841,1131,1234,0.193922506,0.002976794
U.S. Senate,Federal,General,Precinct,2018,5706 N 40th St,FL,Hillsborough,333,103,236,42,23,1696,19,246,1424,468,0.47,101716,1860,143,465,286,44277,193,70,29360,3716,163,13,0,25,379,873,731,491,0.194199255,0.002984586
U.S. Senate,Federal,General,Precinct,2018,5708 Lithia Pinecrest Rd,FL,Hillsborough,273,270,214,28,19,363,17,43,548,217,5.23,316819,243,616,1175,993,131810,171,239,52238,1639,812,0,0,7,126,214,553,189,0.194065828,0.00298083
U.S. Senate,Federal,General,Precinct,2018,5800 N Central Ave,FL,Hillsborough,257,97,196,39,21,1197,15,152,832,406,0.24,128716,802,375,396,230,55664,137,65,37944,2383,527,5,0,15,106,639,625,237,0.194200399,0.002984618
U.S. Senate,Federal,General,Precinct,2018,5902 N Himes Ave,FL,Hillsborough,312,106,232,35,23,919,39,1331,1170,718,0.49,130679,991,643,467,302,54610,187,79,35424,3492,764,5,0,18,268,589,779,726,0.194201336,0.002984645
U.S. Senate,Federal,General,Precinct,2018,601 E Kennedy Blvd,FL,Hillsborough,240,106,272,33,20,348,35,104,556,385,0.46,200104,332,535,436,159,84980,77,38,44939,2071,300,1,0,5,75,470,588,124,0.214338329,0.002889898
U.S. Senate,Federal,General,Precinct,2018,601 N Gordon St,FL,Hillsborough,338,174,245,30,20,293,9,131,465,262,1.15,129216,288,324,556,391,53662,212,139,29414,1256,403,5,0,7,110,316,286,170,0.194218773,0.002985136
U.S. Senate,Federal,General,Precinct,2018,6015 W Farkas Rd,FL,Hillsborough,377,176,178,37,18,236,8,80,547,269,4.40,167816,320,466,721,582,65110,271,175,36606,1562,674,5,1,2,115,257,435,251,0.194144958,0.002983058
U.S. Senate,Federal,General,Precinct,2018,602 Charlie Griffin Rd,FL,Hillsborough,363,205,263,33,20,460,16,130,744,325,1.69,182377,448,578,685,511,65570,238,167,39153,1987,798,6,0,6,146,434,485,300,0.194182793,0.002984123
U.S. Senate,Federal,General,Precinct,2018,604 N Valrico Rd,FL,Hillsborough,252,250,145,27,19,485,44,189,588,320,0.62,155622,394,392,638,474,76179,144,205,43474,1698,538,2,0,2,103,324,485,198,0.19415047,0.002983213
U.S. Senate,Federal,General,Precinct,2018,6100 Memorial Hwy,FL,Hillsborough,265,207,292,24,19,1129,50,331,1112,664,0.76,196015,788,793,610,350,84417,143,117,55841,3358,1067,9,1,24,216,764,877,408,0.204781267,0.002573194
U.S. Senate,Federal,General,Precinct,2018,6161 E Fowler Ave,FL,Hillsborough,341,186,389,27,14,940,53,119,789,396,0.90,188171,645,462,635,331,66229,129,111,39233,2129,591,5,0,12,215,442,471,389,0.194252933,0.002986097
U.S. Senate,Federal,General,Precinct,2018,6202 S MacDill Ave,FL,Hillsborough,197,149,233,27,17,805,40,109,792,382,1.24,225284,495,639,489,300,109438,99,95,67714,2336,812,4,0,13,121,512,643,257,0.18813796,0.002108712
U.S. Senate,Federal,General,Precinct,2018,6219 Symmes Rd,FL,Hillsborough,557,381,422,38,17,1788,61,643,1555,1021,4.11,151681,1299,639,1087,813,56817,372,307,34279,5010,824,14,5,12,414,1368,956,241,0.229299668,0.002532267
U.S. Senate,Federal,General,Precinct,2018,6304 N 30th St,FL,Hillsborough,301,103,221,41,22,1757,10,200,1347,440,0.32,112447,1791,180,437,263,47741,169,70,32356,3530,214,12,2,31,294,763,802,566,0.194204725,0.00298474
U.S. Senate,Federal,General,Precinct,2018,6400 N 15th St,FL,Hillsborough,275,103,211,40,21,639,15,137,500,274,0.27,124326,499,190,416,243,52349,148,70,35682,1453,251,1,0,4,87,367,372,147,0.194205958,0.002984775
U.S. Senate,Federal,General,Precinct,2018,6414 Golf And Sea Blvd,FL,Hillsborough,424,386,256,28,20,955,17,172,1200,611,3.94,220326,656,991,1149,837,91535,251,288,48552,3646,1485,8,1,15,123,400,768,982,0.196555164,0.002976377
U.S. Senate,Federal,General,Precinct,2018,6420 Lithia Pinecrest Rd,FL,Hillsborough,257,227,179,31,18,88,1,24,251,118,11.09,275067,94,260,933,777,113750,167,196,46483,742,383,3,0,1,64,111,212,87,0.194056711,0.002980573
U.S. Senate,Federal,General,Precinct,2018,6460 Tampa Palms Blvd,FL,Hillsborough,317,206,491,24,17,1109,65,220,1027,590,2.18,692800,742,659,698,355,113417,109,107,44845,3000,764,7,0,18,375,738,647,251,0.194292253,0.002987203
U.S. Senate,Federal,General,Precinct,2018,6605 Krycul Ave,FL,Hillsborough,492,547,568,28,19,1708,86,504,1748,977,1.17,180272,1291,970,1307,874,78324,308,355,56146,5220,1243,6,0,26,426,1230,1168,446,0.194089182,0.002981488
U.S. Senate,Federal,General,Precinct,2018,664 Golf And Sea Blvd,FL,Hillsborough,434,409,251,27,21,861,64,134,1392,694,3.56,255244,576,1589,1259,921,102197,240,315,52426,4422,2215,10,0,13,197,526,1378,778,0.201339802,0.002710505
U.S. Senate,Federal,General,Precinct,2018,6720 C R 579 N,FL,Hillsborough,237,128,125,37,21,838,53,142,875,536,3.08,189818,741,422,445,337,73583,156,105,33254,2544,629,7,1,11,203,465,696,350,0.194229502,0.002985437
U.S. Senate,Federal,General,Precinct,2018,6819 Krycul Ave,FL,Hillsborough,467,511,505,29,19,2754,156,812,2543,1523,1.21,179696,1973,1195,1237,842,79028,290,342,54176,7463,1479,17,0,23,581,2075,1594,476,0.194086554,0.002981414
U.S. Senate,Federal,General,Precinct,2018,6830 N Habana Ave,FL,Hillsborough,321,123,256,35,21,840,15,579,846,456,0.30,144623,829,379,508,311,63488,177,87,38249,2522,515,5,2,15,202,547,562,360,0.194209844,0.002984884
U.S. Senate,Federal,General,Precinct,2018,6918 N Florida Ave,FL,Hillsborough,290,110,226,38,21,996,12,355,797,425,0.26,128830,799,282,443,260,55321,156,73,37161,2392,381,5,0,12,188,579,515,242,0.19421241,0.002984956
U.S. Senate,Federal,General,Precinct,2018,7001 12th Ave S,FL,Hillsborough,312,153,294,33,18,813,18,541,899,492,2.10,93969,998,288,520,326,44891,191,99,33369,2624,363,5,1,11,266,595,614,312,0.194140057,0.00298292
U.S. Senate,Federal,General,Precinct,2018,7002 W Hanna Ave,FL,Hillsborough,274,175,212,25,20,920,50,1099,1063,703,0.88,140775,931,485,531,341,65644,164,115,48670,3206,623,1,1,14,249,634,773,470,0.194204379,0.00298473
U.S. Senate,Federal,General,Precinct,2018,701 Channelside Dr,FL,Hillsborough,249,109,289,33,19,1231,76,172,1068,638,0.62,196181,551,963,450,163,84593,77,39,44772,3579,1259,5,1,18,174,859,830,305,0.211886615,0.002911172
U.S. Senate,Federal,General,Precinct,2018,702 Del Webb Blvd W,FL,Hillsborough,476,243,179,32,19,1658,41,248,1781,814,1.56,147000,1018,1361,827,435,69256,172,169,36496,5225,2027,9,0,18,164,576,739,1740,0.193926397,0.002976904
U.S. Senate,Federal,General,Precinct,2018,7051 Turkey Creek Rd,FL,Hillsborough,269,134,103,27,17,486,25,80,658,333,7.32,209828,314,637,607,511,80023,202,110,37007,2018,863,4,0,5,158,337,584,211,0.194111001,0.002982102
U.S. Senate,Federal,General,Precinct,2018,709 W Linebaugh Ave,FL,Hillsborough,319,111,254,35,21,640,25,350,707,391,0.30,131412,617,351,485,284,60975,161,78,33343,2111,481,3,1,11,155,383,500,334,0.194239145,0.002985709
U.S. Senate,Federal,General,Precinct,2018,710 E Bloomingdale Ave,FL,Hillsborough,221,200,124,27,19,1202,57,284,1541,779,0.75,197356,875,1238,654,522,93971,140,169,50548,4292,1503,6,0,21,358,774,1205,568,0.194098416,0.002981748
U.S. Senate,Federal,General,Precinct,2018,7215 Sheldon Rd,FL,Hillsborough,302,193,229,26,21,969,76,331,1121,663,0.48,147309,718,755,607,375,68528,164,124,50652,3260,1022,5,0,15,193,725,842,396,0.19421551,0.002985044
U.S. Senate,Federal,General,Precinct,2018,7217 Kingsbury CIr,FL,Hillsborough,388,140,292,34,20,171,3,48,191,99,1.59,93040,166,96,572,353,47530,228,88,33593,547,149,1,0,5,48,99,127,88,0.19419059,0.002984342
U.S. Senate,Federal,General,Precinct,2018,7225 E Chelsea St,FL,Hillsborough,388,137,291,35,20,1950,57,528,1845,919,1.77,84459,1935,492,565,355,45283,233,88,32892,5062,585,10,0,32,528,1244,1091,507,0.194186254,0.00298422
U.S. Senate,Federal,General,Precinct,2018,724 W 109th Ave,FL,Hillsborough,329,115,261,33,20,887,64,786,1043,681,0.32,131392,960,360,510,300,62714,166,80,34819,3071,461,5,1,23,268,728,711,301,0.194246137,0.002985906
U.S. Senate,Federal,General,Precinct,2018,7259 Sheldon Rd,FL,Hillsborough,307,200,240,27,21,1371,70,1064,1490,952,0.48,150743,1205,706,635,396,70379,166,128,51715,4501,881,11,1,27,307,819,1080,674,0.194216284,0.002985065
U.S. Senate,Federal,General,Precinct,2018,750 Country Meadows Blvd,FL,Hillsborough,332,209,197,29,18,484,9,82,853,388,1.97,115178,470,702,610,439,60384,208,171,33567,2324,1055,4,0,16,96,214,543,719,0.194247621,0.002985947
U.S. Senate,Federal,General,Precinct,2018,7504 Riverview Dr,FL,Hillsborough,430,368,338,35,18,1635,90,488,1433,915,3.20,154793,1045,738,970,679,67657,268,266,44672,4524,1084,2,0,18,290,1173,944,317,0.202354927,0.002949928
U.S. Senate,Federal,General,Precinct,2018,7601 Jackson Springs Rd,FL,Hillsborough,294,173,207,26,21,1100,29,828,1175,672,0.65,138202,952,627,543,339,64979,168,114,48468,3377,855,7,1,29,256,614,811,580,0.19420775,0.002984825
U.S. Senate,Federal,General,Precinct,2018,7606 Paula Dr,FL,Hillsborough,277,198,244,25,20,844,21,814,1035,647,0.72,165661,855,487,584,354,75153,158,121,53195,2881,604,6,0,21,227,633,687,447,0.198028968,0.002965758
U.S. Senate,Federal,General,Precinct,2018,7620 Wakulla Dr,FL,Hillsborough,376,185,309,30,20,733,46,109,588,285,1.04,139144,483,258,643,387,65687,195,120,43395,1597,307,5,1,6,136,340,360,196,0.194223133,0.002985258
U.S. Senate,Federal,General,Precinct,2018,7625 Palm River Rd,FL,Hillsborough,302,164,325,31,19,1040,57,512,987,639,1.96,89052,901,290,532,322,45891,180,104,33853,2899,379,10,0,9,244,759,654,193,0.194143881,0.002983028
U.S. Senate,Federal,General,Precinct,2018,801 E Hillsborough Ave,FL,Hillsborough,244,93,186,40,21,1854,19,333,1232,632,0.23,127471,1443,350,378,218,54781,129,61,37780,3836,482,10,0,36,279,969,829,364,0.194196702,0.002984514
U.S. Senate,Federal,General,Precinct,2018,808 W Bearss Ave,FL,Hillsborough,325,153,245,24,19,874,31,253,980,429,0.53,173811,742,644,599,374,83379,158,109,45894,2643,846,7,0,21,145,455,699,527,0.194285552,0.002987015
U.S. Senate,Federal,General,Precinct,2018,8116 N 37th St,FL,Hillsborough,389,118,315,40,22,651,33,163,557,235,0.37,99083,649,156,538,320,45582,211,83,28902,1561,186,5,1,15,113,328,427,180,0.194224721,0.002985303
U.S. Senate,Federal,General,Precinct,2018,818 N Parsons Ave,FL,Hillsborough,242,233,183,23,17,931,36,320,1225,655,0.50,143759,817,930,578,397,75348,130,175,45649,3547,1242,10,0,23,277,694,944,498,0.194153463,0.002983297
U.S. Senate,Federal,General,Precinct,2018,821 S Dale Mabry Hwy,FL,Hillsborough,147,93,147,25,20,882,56,136,998,363,0.24,390951,564,1036,385,199,133916,53,42,63334,2858,1265,4,1,15,189,517,828,442,0.214824153,0.002811072
U.S. Senate,Federal,General,Precinct,2018,821 S Rome Ave,FL,Hillsborough,202,106,250,28,20,2879,112,229,2390,1220,0.26,326373,1497,2084,448,168,121187,52,33,55914,7440,2553,10,0,38,486,1903,1823,632,0.243391656,0.002442922
U.S. Senate,Federal,General,Precinct,2018,8220 N Florida Ave,FL,Hillsborough,293,112,224,37,21,170,0,134,122,33,0.27,129144,172,19,452,270,57678,156,78,36345,335,37,2,0,10,0,9,68,147,0.194223205,0.00298526
U.S. Senate,Federal,General,Precinct,2018,8307 Double Branch Rd,FL,Hillsborough,206,228,306,17,16,1330,100,416,1283,821,1.13,208150,908,715,732,506,103651,92,179,61302,3924,901,7,0,16,292,1123,818,231,0.165361357,0.00190086
U.S. Senate,Federal,General,Precinct,2018,8606 Boulder Ct,FL,Hillsborough,324,210,258,28,21,864,23,850,937,547,0.57,147461,821,382,689,445,69943,178,136,51423,2705,517,2,0,14,170,455,611,517,0.194228307,0.002985404
U.S. Senate,Federal,General,Precinct,2018,861 W Lumsden Rd,FL,Hillsborough,365,281,441,29,17,840,38,354,784,425,0.56,143522,678,380,771,473,70883,198,173,46560,2344,460,3,0,7,187,521,538,247,0.194126684,0.002982543
U.S. Senate,Federal,General,Precinct,2018,8610 Temple Terrace HWY,FL,Hillsborough,299,206,250,26,18,551,25,118,448,230,1.16,158495,437,133,603,379,73294,154,140,46318,1213,172,1,0,3,119,290,308,86,0.194232142,0.002985512
U.S. Senate,Federal,General,Precinct,2018,8626 US Highway 301 S,FL,Hillsborough,468,459,373,32,20,536,24,159,412,278,1.44,172532,305,278,1189,860,78096,290,343,49642,1550,402,3,0,6,97,358,285,130,0.194070968,0.002980975
U.S. Senate,Federal,General,Precinct,2018,8701 Progress Blvd,FL,Hillsborough,592,667,731,30,21,3607,140,771,2885,1634,1.79,144396,2627,1062,1540,1015,65482,389,417,55714,8776,1336,19,0,31,729,2509,1488,669,0.194103588,0.002981893
U.S. Senate,Federal,General,Precinct,2018,8718 N 46th St,FL,Hillsborough,386,130,322,37,20,3180,47,621,2569,1039,0.50,106294,2984,489,558,324,50535,198,90,31552,6694,589,11,1,49,714,1556,1538,722,0.194228882,0.00298542
U.S. Senate,Federal,General,Precinct,2018,901 6th St SE,FL,Hillsborough,452,327,299,32,20,1232,26,716,1365,897,3.35,166502,1024,691,972,749,67926,315,262,43905,4286,962,8,1,13,389,971,901,367,0.193923776,0.00297683
U.S. Senate,Federal,General,Precinct,2018,910 Bryan Rd,FL,Hillsborough,277,219,209,30,19,782,46,225,1000,502,0.56,157862,631,744,641,450,78094,156,163,44985,2776,966,8,1,12,232,521,689,447,0.194127172,0.002982557
U.S. Senate,Federal,General,Precinct,2018,9315 Memorial Hwy,FL,Hillsborough,289,185,233,25,20,1027,94,771,1137,744,0.60,151528,904,577,569,334,69043,148,118,51877,3519,783,7,0,19,277,722,876,360,0.19424674,0.002925537
U.S. Senate,Federal,General,Precinct,2018,9390 Edison Rd,FL,Hillsborough,255,293,137,38,18,187,1,41,516,300,19.24,186286,242,446,634,537,75854,186,269,37125,1498,693,4,0,2,119,289,401,185,0.17940732,0.002305969
U.S. Senate,Federal,General,Precinct,2018,960 W Lutz Lake Fern Rd,FL,Hillsborough,234,203,95,31,19,1358,86,258,1800,800,2.14,329915,1045,1767,763,614,124299,148,165,52587,5371,2364,5,1,28,368,807,1637,826,0.184449236,0.002392114
U.S. Senate,Federal,General,Precinct,2018,97 Biscayne Ave,FL,Hillsborough,231,143,336,28,18,417,15,50,416,160,0.72,363102,284,404,551,196,135998,53,45,68016,1234,578,1,0,7,80,187,432,154,0.233853417,0.002169885
U.S. Senate,Federal,General,Precinct,2018,97 Columbia Dr,FL,Hillsborough,244,132,336,30,18,1125,43,103,1012,487,0.64,312510,670,865,529,183,122625,60,40,60241,3060,1170,3,1,17,184,540,856,454,0.233890712,0.002416393
U.S. Senate,Federal,General,Precinct,2018,9724 Cross Creek Blvd,FL,Hillsborough,224,234,244,23,20,3187,398,628,2466,1533,1.35,281357,1759,1457,843,652,122131,147,169,69612,7829,2043,9,1,29,599,1781,1818,590,0.194338082,0.002988493
U.S. Senate,Federal,General,Precinct,2018,98 1st Ave NW,FL,Hillsborough,230,179,86,29,20,780,65,128,919,451,2.12,322964,554,873,666,499,115107,126,133,47943,2929,1247,3,0,18,179,456,873,383,0.189611128,0.002677341
U.S. Senate,Federal,General,Precinct,2018,9840 Balm Riverview Rd,FL,Hillsborough,432,422,277,31,19,723,36,128,865,428,1.43,175257,491,742,1137,842,80570,266,330,50706,2538,985,13,0,14,169,397,858,249,0.194063085,0.002980753
U.S. Senate,Federal,General,Precinct,2018,9912 Indiana St,FL,Hillsborough,480,339,354,37,17,552,10,339,866,655,3.85,145470,628,489,968,692,61068,304,259,38106,2674,609,8,2,7,247,593,663,287,0.233463519,0.002552002
