Contest,ElectionLvl,ElectionType,Grain,Year,PrecinctAddress,Zipcode,City,State,County,RegVoters,REP,DEM,WRI,OVER,UNDER,RegVoterFinal,RegVoterCngRate,RepRegRate,RepRegVoterParticipation,RepRegVoterFinalParticipation,RepRegVoterParticipationCng,RepRegVoterSpecificParticipation,DemRegRate,DemRegVoterParticipation,DemRegVoterFinalParticipation,DemRegVoterParticipationCng,DemRegVoterSpecificParticipation,TotalParticipationRate,TotalFinalParticipationRate,RegNpaRate,NativeAmerican,AsianPacIsl,AfricanAmerican,Hispanic,White,Other,Multi,Unk,Male,Female,GenderUnk,Active,Inactive,CPF,DemReg,ECO,GRE,IND,LPF,NpaReg,PSL,REF,RepReg,under25,btwn2544,btwn4564,over65
U.S. Senate,Federal,General,Precinct,2018,5309 US HWY 41 N,33572,Apollo Beach,FL,Hillsborough,6092,2360,1492,12,0,19,3759,1.62,0.42,0.39,0.63,0.24,1.49,0.29,0.24,0.40,0.15,1.37,0.63,1.02,0.28,12,78,324,318,2915,29,20,63,1801,1890,68,3493,266,0,1090,0,1,19,14,1052,1,2,1580,328,1092,1615,724
U.S. Senate,Federal,General,Precinct,2018,6414 Golf And Sea Blvd,33572,Apollo Beach,FL,Hillsborough,3646,1485,955,8,1,15,2273,1.60,0.44,0.41,0.65,0.25,1.50,0.29,0.26,0.42,0.16,1.46,0.67,1.07,0.27,15,17,44,172,1984,17,5,19,1035,1200,38,2156,117,0,656,0,0,7,6,611,0,2,991,123,400,768,982
U.S. Senate,Federal,General,Precinct,2018,664 Golf And Sea Blvd,33572,Apollo Beach,FL,Hillsborough,4422,2215,861,10,0,13,2879,1.54,0.55,0.50,0.77,0.27,1.39,0.20,0.19,0.30,0.10,1.49,0.70,1.07,0.24,10,64,53,134,2537,22,9,50,1434,1392,53,2777,102,1,576,0,2,7,10,694,0,0,1589,197,526,1378,778
U.S. Senate,Federal,General,Precinct,2018,1017 Kingsway Rd,33510,Brandon,FL,Hillsborough,4599,1505,1377,11,2,20,3118,1.47,0.37,0.33,0.48,0.16,1.29,0.35,0.30,0.44,0.14,1.26,0.63,0.92,0.27,9,57,335,382,2200,36,17,82,1432,1621,65,2981,137,3,1092,0,3,8,5,839,0,1,1167,335,873,1221,689
U.S. Senate,Federal,General,Precinct,2018,1221 Victoria St,33510,Brandon,FL,Hillsborough,3670,536,1210,9,0,15,2559,1.43,0.19,0.15,0.21,0.06,1.10,0.46,0.33,0.47,0.14,1.04,0.48,0.68,0.35,5,59,716,632,977,39,35,96,1056,1427,75,2027,532,0,1166,1,0,7,6,890,0,0,489,467,1144,747,201
U.S. Senate,Federal,General,Precinct,2018,200 Kingsway Rd,33510,Brandon,FL,Hillsborough,4172,1256,1261,10,0,19,2709,1.54,0.36,0.30,0.46,0.16,1.30,0.37,0.30,0.47,0.16,1.27,0.60,0.93,0.27,11,119,313,511,1615,42,18,80,1233,1391,85,2589,120,0,991,0,1,7,7,739,0,0,964,263,759,1105,582
U.S. Senate,Federal,General,Precinct,2018,203 N Moon Ave,33510,Brandon,FL,Hillsborough,2451,640,777,5,0,21,1661,1.48,0.30,0.26,0.39,0.12,1.30,0.42,0.32,0.47,0.15,1.12,0.58,0.85,0.28,6,41,229,336,952,24,20,53,724,898,39,1506,155,0,695,0,1,7,5,458,0,1,494,190,507,564,400
U.S. Senate,Federal,General,Precinct,2018,408 Limona Rd,33510,Brandon,FL,Hillsborough,3408,990,1114,11,0,14,2226,1.53,0.34,0.29,0.44,0.15,1.29,0.38,0.33,0.50,0.17,1.30,0.62,0.95,0.26,4,33,314,307,1482,25,14,47,1029,1143,54,2098,128,0,856,0,1,9,7,587,0,0,766,249,674,859,444
U.S. Senate,Federal,General,Precinct,2018,502 E Sadie St,33510,Brandon,FL,Hillsborough,1732,456,500,3,0,9,1214,1.43,0.30,0.26,0.38,0.11,1.24,0.37,0.29,0.41,0.12,1.11,0.55,0.79,0.32,5,19,176,308,655,9,8,34,507,664,43,1080,134,0,452,1,1,3,5,385,0,0,367,151,384,420,259
U.S. Senate,Federal,General,Precinct,2018,818 N Parsons Ave,33510,Brandon,FL,Hillsborough,3547,1242,931,10,0,23,2413,1.47,0.39,0.35,0.51,0.16,1.34,0.34,0.26,0.39,0.12,1.14,0.61,0.90,0.27,7,36,212,320,1745,23,10,60,1119,1225,69,2249,164,0,817,0,0,3,8,655,0,0,930,277,694,944,498
U.S. Senate,Federal,General,Precinct,2018,1310 John Moore Rd,33511,Brandon,FL,Hillsborough,2424,905,659,4,0,13,1641,1.48,0.43,0.37,0.55,0.18,1.29,0.34,0.27,0.40,0.13,1.18,0.65,0.95,0.22,7,43,157,210,1153,16,13,42,750,847,44,1563,78,0,558,0,0,5,6,369,0,0,703,159,423,652,407
U.S. Senate,Federal,General,Precinct,2018,2014 Providence Rd,33511,Brandon,FL,Hillsborough,3282,911,1068,5,0,11,2268,1.45,0.32,0.28,0.40,0.12,1.24,0.39,0.33,0.47,0.15,1.21,0.60,0.87,0.28,4,66,383,377,1340,23,15,60,1049,1158,61,2058,210,0,880,0,1,9,6,639,0,1,732,233,710,972,353
U.S. Senate,Federal,General,Precinct,2018,2102 Bell Shoals Rd,33511,Brandon,FL,Hillsborough,2899,1176,753,4,1,14,1964,1.48,0.46,0.41,0.60,0.19,1.31,0.31,0.26,0.38,0.12,1.22,0.67,0.98,0.22,6,55,110,196,1513,16,11,57,923,981,60,1898,66,0,617,0,1,3,5,439,0,2,897,177,478,785,524
U.S. Senate,Federal,General,Precinct,2018,2602 S Kings Ave,33511,Brandon,FL,Hillsborough,5341,1344,1755,13,0,28,3525,1.52,0.30,0.25,0.38,0.13,1.27,0.39,0.33,0.50,0.17,1.28,0.58,0.88,0.30,11,122,637,662,1898,61,38,96,1578,1861,86,3210,315,1,1369,0,2,12,3,1075,1,1,1061,408,1239,1294,584
U.S. Senate,Federal,General,Precinct,2018,3104 Bryan Rd,33511,Brandon,FL,Hillsborough,2297,891,649,4,0,10,1582,1.45,0.45,0.39,0.56,0.18,1.26,0.31,0.28,0.41,0.13,1.31,0.67,0.97,0.24,6,28,122,148,1214,20,8,36,730,817,35,1513,69,0,494,0,2,3,3,373,0,0,707,177,409,630,366
U.S. Senate,Federal,General,Precinct,2018,401 Pauls Dr,33511,Brandon,FL,Hillsborough,1861,386,661,4,0,8,1255,1.48,0.26,0.21,0.31,0.10,1.17,0.44,0.36,0.53,0.17,1.19,0.56,0.83,0.29,5,17,264,218,689,23,9,30,528,710,17,1081,174,0,555,0,1,4,2,362,0,0,331,133,443,439,240
U.S. Senate,Federal,General,Precinct,2018,710 E Bloomingdale Ave,33511,Brandon,FL,Hillsborough,4292,1503,1202,6,0,21,2905,1.48,0.43,0.35,0.52,0.17,1.21,0.30,0.28,0.41,0.13,1.37,0.63,0.93,0.27,9,57,293,284,2155,32,9,66,1303,1541,61,2728,177,0,875,0,0,6,6,779,0,1,1238,358,774,1205,568
U.S. Senate,Federal,General,Precinct,2018,861 W Lumsden Rd,33511,Brandon,FL,Hillsborough,2344,460,840,3,0,7,1493,1.57,0.25,0.20,0.31,0.11,1.21,0.45,0.36,0.56,0.20,1.24,0.55,0.87,0.28,1,38,374,354,633,29,16,48,661,784,48,1373,120,0,678,0,0,6,4,425,0,0,380,187,521,538,247
U.S. Senate,Federal,General,Precinct,2018,910 Bryan Rd,33511,Brandon,FL,Hillsborough,2776,966,782,8,1,12,1889,1.47,0.39,0.35,0.51,0.16,1.30,0.33,0.28,0.41,0.13,1.24,0.63,0.93,0.27,9,46,157,225,1357,24,20,51,843,1000,46,1753,136,0,631,0,3,6,3,502,0,0,744,232,521,689,447
U.S. Senate,Federal,General,Precinct,2018,215 Sydney Washer Rd,33527,Dover,FL,Hillsborough,8464,2699,2250,13,0,32,5396,1.57,0.38,0.32,0.50,0.18,1.33,0.32,0.27,0.42,0.15,1.29,0.58,0.92,0.29,24,172,590,859,3483,85,48,135,2431,2818,147,5093,303,1,1743,0,6,17,12,1588,2,1,2026,644,1764,2061,927
U.S. Senate,Federal,General,Precinct,2018,3223 Gallagher Rd,33527,Dover,FL,Hillsborough,3058,1156,537,3,0,13,2077,1.47,0.40,0.38,0.56,0.18,1.40,0.30,0.18,0.26,0.08,0.86,0.55,0.82,0.30,9,17,30,412,1531,19,7,52,955,1062,60,1931,146,0,627,0,1,5,5,613,0,0,826,271,558,758,490
U.S. Senate,Federal,General,Precinct,2018,3310 Moores Lake Rd,33527,Dover,FL,Hillsborough,2262,1118,382,4,0,7,1563,1.45,0.49,0.49,0.72,0.22,1.45,0.27,0.17,0.24,0.08,0.89,0.66,0.96,0.22,12,27,54,202,1226,9,4,29,765,773,25,1490,73,0,429,0,1,8,2,351,0,0,772,165,353,660,385
U.S. Senate,Federal,General,Precinct,2018,6219 Symmes Rd,33534,Gibsonton,FL,Hillsborough,5010,824,1788,14,5,12,2979,1.68,0.21,0.16,0.28,0.11,1.29,0.44,0.36,0.60,0.24,1.38,0.52,0.88,0.34,7,61,835,643,1259,38,29,107,1339,1555,84,2761,218,0,1299,1,1,16,2,1021,0,0,639,414,1368,956,241
U.S. Senate,Federal,General,Precinct,2018,9912 Indiana St,33534,Gibsonton,FL,Hillsborough,2674,609,552,8,2,7,1790,1.49,0.27,0.23,0.34,0.11,1.25,0.35,0.21,0.31,0.10,0.88,0.43,0.65,0.37,7,10,140,339,1229,12,7,46,880,866,44,1565,225,0,628,0,1,9,8,655,0,0,489,247,593,663,287
U.S. Senate,Federal,General,Precinct,2018,10308 Lithia Pinecrest Rd,33547,Lithia,FL,Hillsborough,832,456,80,2,0,0,576,1.44,0.52,0.55,0.79,0.24,1.53,0.27,0.10,0.14,0.04,0.51,0.64,0.93,0.21,1,2,0,13,539,2,1,18,271,292,13,560,16,0,158,0,0,0,0,119,0,0,299,53,136,247,140
U.S. Senate,Federal,General,Precinct,2018,111 Alafia Church Rd,33547,Lithia,FL,Hillsborough,378,194,67,0,0,2,243,1.56,0.49,0.51,0.80,0.29,1.64,0.20,0.18,0.28,0.10,1.37,0.69,1.07,0.29,1,2,0,10,222,4,1,3,115,121,7,235,8,0,49,1,0,3,1,71,0,0,118,22,56,92,73
U.S. Senate,Federal,General,Precinct,2018,17004 Dorman Rd,33547,Lithia,FL,Hillsborough,13449,5473,3486,20,0,56,7904,1.70,0.47,0.41,0.69,0.29,1.48,0.23,0.26,0.44,0.18,1.93,0.67,1.13,0.30,12,241,394,739,6195,106,62,155,3653,4057,194,7316,588,1,1804,1,4,22,22,2357,0,2,3691,997,2781,3310,816
U.S. Senate,Federal,General,Precinct,2018,5708 Lithia Pinecrest Rd,33547,Lithia,FL,Hillsborough,1639,812,363,0,0,7,1082,1.51,0.57,0.50,0.75,0.26,1.32,0.22,0.22,0.34,0.11,1.49,0.72,1.09,0.20,2,17,54,43,930,13,3,20,509,548,25,1033,49,0,243,0,2,2,2,217,0,0,616,126,214,553,189
U.S. Senate,Federal,General,Precinct,2018,6420 Lithia Pinecrest Rd,33547,Lithia,FL,Hillsborough,742,383,88,3,0,1,474,1.57,0.55,0.52,0.81,0.29,1.47,0.20,0.12,0.19,0.07,0.94,0.63,0.99,0.25,0,1,13,24,418,0,2,16,207,251,16,458,16,0,94,0,0,0,2,118,0,0,260,64,111,212,87
U.S. Senate,Federal,General,Precinct,2018,9390 Edison Rd,33547,Lithia,FL,Hillsborough,1498,693,187,4,0,2,994,1.51,0.45,0.46,0.70,0.23,1.55,0.24,0.12,0.19,0.06,0.77,0.59,0.89,0.30,3,1,6,41,905,12,6,20,454,516,24,945,49,1,242,0,0,2,3,300,0,0,446,119,289,401,185
U.S. Senate,Federal,General,Precinct,2018,960 W Lutz Lake Fern Rd,33548,Lutz,FL,Hillsborough,5371,2364,1358,5,1,28,3638,1.48,0.49,0.44,0.65,0.21,1.34,0.29,0.25,0.37,0.12,1.30,0.69,1.02,0.22,8,86,147,258,3011,40,20,68,1773,1800,65,3517,121,1,1045,0,0,13,12,800,0,0,1767,368,807,1637,826
U.S. Senate,Federal,General,Precinct,2018,98 1st Ave NW,33548,Lutz,FL,Hillsborough,2929,1247,780,3,0,18,1891,1.55,0.46,0.43,0.66,0.23,1.43,0.29,0.27,0.41,0.15,1.41,0.69,1.07,0.24,7,65,73,128,1538,26,9,45,931,919,41,1816,75,0,554,0,3,4,6,451,0,0,873,179,456,873,383
U.S. Senate,Federal,General,Precinct,2018,410 E Chapman Rd,33549,Lutz,FL,Hillsborough,2613,1056,781,9,0,19,1821,1.43,0.44,0.40,0.58,0.18,1.31,0.34,0.30,0.43,0.13,1.28,0.70,1.01,0.22,4,39,68,140,1519,18,5,28,849,936,36,1763,58,0,612,0,0,2,6,396,0,0,805,165,423,821,412
U.S. Senate,Federal,General,Precinct,2018,17875 Sailfish Dr,33558,Lutz,FL,Hillsborough,2090,511,747,2,0,15,1352,1.55,0.28,0.24,0.38,0.13,1.33,0.39,0.36,0.55,0.20,1.40,0.60,0.93,0.31,4,17,165,268,840,17,11,30,553,778,21,1130,222,0,532,2,2,4,5,422,0,0,385,176,469,478,229
U.S. Senate,Federal,General,Precinct,2018,3109 W Lutz Lake Fern Rd,33558,Lutz,FL,Hillsborough,3104,1207,967,6,0,17,1994,1.56,0.44,0.39,0.61,0.22,1.38,0.28,0.31,0.48,0.17,1.75,0.70,1.09,0.28,6,126,84,227,1447,29,20,55,947,993,54,1904,90,0,554,0,0,8,6,553,0,0,873,235,648,850,261
U.S. Senate,Federal,General,Precinct,2018,5101 Van Dyke Rd,33558,Lutz,FL,Hillsborough,3525,1488,1026,9,1,16,2261,1.56,0.47,0.42,0.66,0.24,1.39,0.25,0.29,0.45,0.16,1.80,0.71,1.11,0.26,4,135,92,245,1688,32,14,51,1056,1167,38,2165,96,0,571,0,1,13,7,596,0,0,1073,249,548,964,500
U.S. Senate,Federal,General,Precinct,2018,5107 W Lutz Lake Fern Rd,33558,Lutz,FL,Hillsborough,3643,1622,993,6,0,16,2371,1.54,0.49,0.45,0.68,0.24,1.40,0.26,0.27,0.42,0.15,1.59,0.72,1.10,0.24,6,58,91,221,1910,24,15,46,1129,1201,41,2292,79,0,623,0,1,6,6,577,0,1,1157,255,541,1135,440
U.S. Senate,Federal,General,Precinct,2018,5315 Van Dyke Rd,33558,Lutz,FL,Hillsborough,3533,1171,1134,7,0,8,2305,1.53,0.39,0.33,0.51,0.18,1.30,0.34,0.32,0.49,0.17,1.44,0.65,1.00,0.27,5,68,150,346,1636,27,19,54,1108,1143,54,2189,116,0,786,0,1,6,2,612,0,0,898,247,651,923,484
U.S. Senate,Federal,General,Precinct,2018,14735 Lake Forest Dr,33559,Lutz,FL,Hillsborough,3353,541,1382,13,1,14,2147,1.56,0.24,0.16,0.25,0.09,1.07,0.46,0.41,0.64,0.23,1.41,0.57,0.90,0.30,4,83,430,307,1169,42,36,76,932,1128,87,1899,248,0,983,0,0,5,11,640,0,2,506,535,764,571,277
U.S. Senate,Federal,General,Precinct,2018,14801 Livingston Ave,33559,Lutz,FL,Hillsborough,2501,528,852,8,0,21,1682,1.49,0.24,0.21,0.31,0.10,1.29,0.44,0.34,0.51,0.17,1.16,0.55,0.82,0.31,4,29,282,268,996,32,13,58,781,844,57,1479,203,0,736,0,3,7,3,523,0,0,410,225,585,573,299
U.S. Senate,Federal,General,Precinct,2018,17112 Livingston Ave,33559,Lutz,FL,Hillsborough,2668,1014,745,9,1,18,1813,1.47,0.43,0.38,0.56,0.18,1.31,0.34,0.28,0.41,0.13,1.20,0.66,0.97,0.23,7,32,72,176,1440,29,13,44,831,953,29,1744,69,0,621,0,2,3,3,412,0,0,772,177,472,768,396
U.S. Senate,Federal,General,Precinct,2018,3905 Orange St,33550,Mango,FL,Hillsborough,3489,1025,1191,5,0,15,2372,1.47,0.33,0.29,0.43,0.14,1.31,0.40,0.34,0.50,0.16,1.26,0.64,0.93,0.26,6,88,380,292,1484,26,19,77,1077,1228,67,2252,120,0,949,0,2,11,6,621,0,0,783,257,687,974,454
U.S. Senate,Federal,General,Precinct,2018,17808 Wayne Rd,33556,Odessa,FL,Hillsborough,3133,1331,913,4,0,19,2051,1.53,0.47,0.42,0.65,0.22,1.39,0.27,0.29,0.45,0.15,1.63,0.72,1.09,0.25,6,76,73,181,1643,25,9,38,940,1079,32,1990,61,0,561,0,1,6,3,520,0,0,960,202,509,970,370
U.S. Senate,Federal,General,Precinct,2018,17928 Gunn Hwy,33556,Odessa,FL,Hillsborough,5117,2491,1245,12,2,19,3367,1.52,0.53,0.49,0.74,0.25,1.39,0.24,0.24,0.37,0.13,1.55,0.73,1.11,0.22,7,67,77,174,2925,27,15,75,1625,1674,68,3257,110,0,802,1,2,8,8,750,0,0,1796,332,676,1570,789
U.S. Senate,Federal,General,Precinct,2018,1904 S Park Rd,33563,Plant City,FL,Hillsborough,3438,550,1338,7,1,13,2296,1.50,0.18,0.16,0.24,0.08,1.31,0.58,0.39,0.58,0.19,1.01,0.55,0.82,0.23,7,12,1182,306,688,10,9,82,948,1278,70,2064,232,0,1329,1,0,6,2,538,0,0,420,318,781,738,459
U.S. Senate,Federal,General,Precinct,2018,2001 N Park Rd,33563,Plant City,FL,Hillsborough,884,334,157,6,0,4,592,1.49,0.39,0.38,0.56,0.19,1.45,0.32,0.18,0.27,0.09,0.83,0.56,0.83,0.29,2,2,11,92,468,3,2,12,275,302,15,535,57,0,189,0,0,0,1,171,0,0,231,73,155,227,137
U.S. Senate,Federal,General,Precinct,2018,2207 W Baker St,33563,Plant City,FL,Hillsborough,3757,948,1002,12,1,18,2464,1.52,0.27,0.25,0.38,0.13,1.43,0.41,0.27,0.41,0.14,1.00,0.52,0.79,0.32,9,23,287,692,1337,17,16,83,1044,1341,79,2227,237,0,1002,0,0,6,7,785,0,0,664,385,829,851,399
U.S. Senate,Federal,General,Precinct,2018,302 W McLendon St,33563,Plant City,FL,Hillsborough,3429,1301,745,11,0,15,2302,1.49,0.39,0.38,0.57,0.19,1.43,0.31,0.22,0.32,0.11,1.03,0.60,0.89,0.29,10,15,135,296,1793,8,6,39,1016,1235,51,2128,174,0,721,0,2,4,8,659,0,1,907,255,641,862,544
U.S. Senate,Federal,General,Precinct,2018,601 N Gordon St,33563,Plant City,FL,Hillsborough,1256,403,293,5,0,7,882,1.42,0.37,0.32,0.46,0.14,1.24,0.33,0.23,0.33,0.10,1.02,0.55,0.79,0.30,3,9,47,131,663,8,6,15,397,465,20,762,120,0,288,0,1,6,1,262,0,0,324,110,316,286,170
U.S. Senate,Federal,General,Precinct,2018,3409 Cork Rd,33565,Plant City,FL,Hillsborough,3431,1664,509,6,1,14,2306,1.49,0.53,0.48,0.72,0.24,1.37,0.24,0.15,0.22,0.07,0.92,0.63,0.94,0.23,9,19,26,154,2034,6,8,50,1059,1202,45,2228,78,0,551,0,0,4,7,528,0,0,1216,282,588,916,520
U.S. Senate,Federal,General,Precinct,2018,4240 N Frontage Rd,33565,Plant City,FL,Hillsborough,2052,1066,276,9,0,10,1375,1.49,0.53,0.52,0.78,0.26,1.47,0.25,0.13,0.20,0.07,0.80,0.65,0.98,0.22,4,24,47,85,1174,8,3,30,621,734,20,1312,63,1,343,0,0,4,0,301,0,0,726,129,311,564,371
U.S. Senate,Federal,General,Precinct,2018,4809 Alexander St N,33565,Plant City,FL,Hillsborough,1849,914,234,1,0,9,1181,1.57,0.51,0.49,0.77,0.28,1.52,0.23,0.13,0.20,0.07,0.86,0.62,0.97,0.26,5,13,21,54,1045,8,5,30,561,596,24,1132,49,0,271,0,1,4,2,302,0,0,601,106,314,536,225
U.S. Senate,Federal,General,Precinct,2018,750 Country Meadows Blvd,33565,Plant City,FL,Hillsborough,2324,1055,484,4,0,16,1572,1.48,0.45,0.45,0.67,0.22,1.50,0.30,0.21,0.31,0.10,1.03,0.66,0.98,0.25,7,9,18,82,1426,6,2,22,689,853,30,1471,101,1,470,0,0,9,1,388,0,1,702,96,214,543,719
U.S. Senate,Federal,General,Precinct,2018,1107 Charlie Griffin Rd,33566,Plant City,FL,Hillsborough,3073,1359,687,3,0,7,2071,1.48,0.52,0.44,0.66,0.21,1.27,0.24,0.22,0.33,0.11,1.40,0.67,0.99,0.24,13,28,113,176,1688,12,6,35,943,1096,32,1919,152,0,492,1,0,10,4,494,0,1,1069,238,537,789,507
U.S. Senate,Federal,General,Precinct,2018,2402 Mud Lake Rd,33566,Plant City,FL,Hillsborough,3244,1448,806,3,0,6,2084,1.56,0.50,0.45,0.69,0.25,1.38,0.26,0.25,0.39,0.14,1.50,0.69,1.08,0.23,7,77,145,175,1600,19,12,49,981,1065,38,1982,102,1,539,0,0,7,5,480,0,0,1052,241,623,791,429
U.S. Senate,Federal,General,Precinct,2018,3410 Nesmith Rd,33566,Plant City,FL,Hillsborough,2477,927,473,8,0,13,1648,1.50,0.39,0.37,0.56,0.19,1.45,0.35,0.19,0.29,0.10,0.81,0.57,0.85,0.25,7,27,160,253,1140,12,12,37,756,856,36,1558,90,0,585,0,0,6,0,418,0,0,639,226,503,604,315
U.S. Senate,Federal,General,Precinct,2018,602 Charlie Griffin Rd,33566,Plant City,FL,Hillsborough,1987,798,460,6,0,6,1365,1.46,0.42,0.40,0.58,0.18,1.38,0.33,0.23,0.34,0.11,1.03,0.63,0.92,0.24,6,16,159,130,1014,11,8,21,596,744,25,1252,113,0,448,0,0,6,8,325,0,0,578,146,434,485,300
U.S. Senate,Federal,General,Precinct,2018,3505 W Lone Oak Rd,33567,Plant City,FL,Hillsborough,2416,986,369,6,0,9,1608,1.50,0.41,0.41,0.61,0.21,1.49,0.30,0.15,0.23,0.08,0.77,0.56,0.84,0.29,7,21,21,263,1246,11,8,31,755,822,31,1524,84,0,479,0,0,6,3,459,0,0,661,226,427,629,326
U.S. Senate,Federal,General,Precinct,2018,4305 James L Redman Pkwy,33567,Plant City,FL,Hillsborough,1210,613,155,3,1,6,827,1.46,0.52,0.51,0.74,0.23,1.43,0.26,0.13,0.19,0.06,0.73,0.63,0.93,0.22,2,6,9,96,685,3,2,24,373,433,21,795,32,2,213,0,0,2,1,181,0,0,428,103,206,327,191
U.S. Senate,Federal,General,Precinct,2018,5009 Nesmith Rd,33567,Plant City,FL,Hillsborough,2074,573,676,1,0,6,1325,1.57,0.29,0.28,0.43,0.16,1.47,0.47,0.33,0.51,0.18,1.09,0.60,0.94,0.23,2,14,440,171,657,8,3,30,587,703,35,1269,56,1,621,0,0,5,1,308,0,0,389,172,386,486,281
U.S. Senate,Federal,General,Precinct,2018,6015 W Farkas Rd,33567,Plant City,FL,Hillsborough,1562,674,236,5,1,2,1058,1.48,0.44,0.43,0.64,0.21,1.45,0.30,0.15,0.22,0.07,0.74,0.58,0.86,0.25,4,8,59,80,880,5,5,17,498,547,13,982,76,0,320,0,1,2,0,269,0,0,466,115,257,435,251
U.S. Senate,Federal,General,Precinct,2018,7051 Turkey Creek Rd,33567,Plant City,FL,Hillsborough,2018,863,486,4,0,5,1290,1.56,0.49,0.43,0.67,0.24,1.35,0.24,0.24,0.38,0.14,1.55,0.67,1.05,0.26,5,25,83,80,1042,13,12,30,606,658,26,1245,45,1,314,1,0,4,0,333,0,0,637,158,337,584,211
U.S. Senate,Federal,General,Precinct,2018,11020 Park Dr,33569,Riverview,FL,Hillsborough,4001,1338,1075,13,0,8,2608,1.53,0.40,0.33,0.51,0.18,1.28,0.32,0.27,0.41,0.14,1.29,0.60,0.93,0.27,11,54,278,286,1869,20,21,69,1229,1313,66,2464,144,0,833,1,0,10,8,708,0,0,1048,298,768,1080,462
U.S. Senate,Federal,General,Precinct,2018,11560 Ramble Creek Dr,33569,Riverview,FL,Hillsborough,8082,2089,2587,17,1,30,4772,1.69,0.30,0.26,0.44,0.18,1.47,0.39,0.32,0.54,0.22,1.37,0.58,0.98,0.30,10,150,835,836,2728,67,32,114,2123,2523,126,4510,262,3,1882,0,4,13,10,1441,0,1,1418,535,1714,1615,908
U.S. Senate,Federal,General,Precinct,2018,12404 Boyette Rd,33569,Riverview,FL,Hillsborough,5046,1554,1345,13,1,23,3285,1.54,0.39,0.31,0.47,0.17,1.22,0.33,0.27,0.41,0.14,1.24,0.57,0.88,0.28,9,87,430,428,2167,43,33,88,1559,1646,80,3126,159,0,1083,1,3,8,6,912,0,0,1272,456,923,1419,487
U.S. Senate,Federal,General,Precinct,2018,9840 Balm Riverview Rd,33569,Riverview,FL,Hillsborough,2538,985,723,13,0,14,1673,1.52,0.44,0.39,0.59,0.20,1.33,0.29,0.28,0.43,0.15,1.47,0.67,1.02,0.26,5,36,166,128,1281,15,15,27,772,865,35,1596,77,2,491,0,0,2,8,428,0,0,742,169,397,858,249
U.S. Senate,Federal,General,Precinct,2018,10221 Big Bend Rd,33578,Riverview,FL,Hillsborough,7545,1639,2561,16,1,25,4421,1.71,0.26,0.22,0.37,0.15,1.42,0.41,0.34,0.58,0.24,1.41,0.56,0.95,0.32,4,109,987,1041,2058,73,47,102,2013,2285,123,4158,263,0,1810,0,2,18,17,1416,1,0,1157,568,1887,1528,438
U.S. Senate,Federal,General,Precinct,2018,10801 Desoto Rd,33578,Riverview,FL,Hillsborough,4699,1259,1378,8,2,22,3056,1.54,0.32,0.27,0.41,0.14,1.30,0.37,0.29,0.45,0.16,1.21,0.56,0.86,0.30,12,59,343,540,1970,32,21,79,1347,1630,79,2821,235,0,1141,0,4,8,6,926,0,3,968,322,1105,1162,467
U.S. Senate,Federal,General,Precinct,2018,11349 Bloomingdale Ave,33578,Riverview,FL,Hillsborough,2218,698,628,4,0,4,1530,1.45,0.37,0.31,0.46,0.14,1.25,0.38,0.28,0.41,0.13,1.09,0.60,0.87,0.25,5,28,178,169,1087,22,16,25,712,779,39,1417,113,0,577,0,2,3,1,387,0,0,560,147,443,607,333
U.S. Senate,Federal,General,Precinct,2018,13498 S US 301,33578,Riverview,FL,Hillsborough,4641,1005,1858,12,3,16,2582,1.80,0.26,0.22,0.39,0.17,1.52,0.43,0.40,0.72,0.32,1.68,0.62,1.11,0.31,8,80,674,601,1084,52,21,62,1205,1310,67,2435,147,0,1106,1,1,13,8,790,2,0,661,313,1166,882,221
U.S. Senate,Federal,General,Precinct,2018,6605 Krycul Ave,33578,Riverview,FL,Hillsborough,5220,1243,1708,6,0,26,3270,1.60,0.30,0.24,0.38,0.14,1.28,0.39,0.33,0.52,0.20,1.32,0.57,0.90,0.30,12,86,663,504,1827,38,42,98,1435,1748,87,3020,250,0,1291,1,1,12,17,977,0,1,970,426,1230,1168,446
U.S. Senate,Federal,General,Precinct,2018,6819 Krycul Ave,33578,Riverview,FL,Hillsborough,7463,1479,2754,17,0,23,4726,1.58,0.25,0.20,0.31,0.11,1.24,0.42,0.37,0.58,0.21,1.40,0.57,0.90,0.32,16,156,1033,812,2426,82,66,135,2050,2543,133,4066,660,1,1973,0,3,23,6,1523,1,1,1195,581,2075,1594,476
U.S. Senate,Federal,General,Precinct,2018,7504 Riverview Dr,33578,Riverview,FL,Hillsborough,4524,1084,1635,2,0,18,2724,1.66,0.27,0.24,0.40,0.16,1.47,0.38,0.36,0.60,0.24,1.56,0.60,1.00,0.34,10,90,576,488,1436,39,22,63,1219,1433,72,2541,183,0,1045,0,1,17,7,915,0,1,738,290,1173,944,317
U.S. Senate,Federal,General,Precinct,2018,8626 US Highway 301 S,33578,Riverview,FL,Hillsborough,1550,402,536,3,0,6,870,1.78,0.32,0.26,0.46,0.20,1.45,0.35,0.35,0.62,0.27,1.76,0.61,1.08,0.32,2,24,155,159,474,19,9,28,432,412,26,840,30,0,305,0,0,4,5,278,0,0,278,97,358,285,130
U.S. Senate,Federal,General,Precinct,2018,11525 Big Bend Rd,33579,Riverview,FL,Hillsborough,5697,1388,2271,13,2,12,3271,1.74,0.27,0.24,0.42,0.18,1.56,0.42,0.40,0.69,0.30,1.66,0.64,1.12,0.30,9,117,850,610,1533,48,32,72,1475,1719,77,3111,160,2,1370,0,1,21,10,980,0,0,887,380,1379,1189,323
U.S. Senate,Federal,General,Precinct,2018,13011 Summerfield Blvd,33579,Riverview,FL,Hillsborough,9886,2402,3487,33,0,19,5965,1.66,0.29,0.24,0.40,0.16,1.37,0.39,0.35,0.58,0.23,1.49,0.60,0.99,0.30,24,171,1320,1082,3077,90,58,143,2728,3118,119,5612,353,0,2344,0,2,29,18,1812,2,0,1758,696,2351,2190,728
U.S. Senate,Federal,General,Precinct,2018,1630 US Highway 41 S,33570,Ruskin,FL,Hillsborough,1465,551,337,2,0,11,896,1.64,0.40,0.38,0.61,0.24,1.56,0.30,0.23,0.38,0.15,1.25,0.61,0.99,0.30,4,6,5,88,778,5,1,9,398,492,6,846,50,0,269,0,0,4,0,269,0,0,354,42,95,249,510
U.S. Senate,Federal,General,Precinct,2018,1807 Gangway Loop,33570,Ruskin,FL,Hillsborough,2009,667,481,13,0,11,1186,1.69,0.36,0.33,0.56,0.23,1.57,0.32,0.24,0.41,0.17,1.25,0.57,0.97,0.31,6,11,71,182,892,8,2,14,551,610,25,1098,88,0,385,0,0,3,1,371,0,1,425,128,232,406,420
U.S. Senate,Federal,General,Precinct,2018,410 30th St SE,33570,Ruskin,FL,Hillsborough,10061,2723,3091,23,0,23,5712,1.76,0.31,0.27,0.48,0.21,1.55,0.37,0.31,0.54,0.23,1.45,0.58,1.02,0.31,25,137,1052,1086,3151,83,52,126,2641,2931,140,5386,326,2,2133,0,1,26,25,1767,0,1,1757,698,2273,2088,653
U.S. Senate,Federal,General,Precinct,2018,901 6th St SE,33570,Ruskin,FL,Hillsborough,4286,962,1232,8,1,13,2628,1.63,0.26,0.22,0.37,0.14,1.39,0.39,0.29,0.47,0.18,1.20,0.51,0.83,0.34,11,26,446,716,1329,23,20,57,1195,1365,68,2489,139,0,1024,0,1,8,7,897,0,0,691,389,971,901,367
U.S. Senate,Federal,General,Precinct,2018,1104 N Kingsway Rd,33584,Seffner,FL,Hillsborough,1558,421,405,2,0,9,1022,1.52,0.30,0.27,0.41,0.14,1.35,0.40,0.26,0.40,0.14,0.99,0.53,0.81,0.29,4,16,161,160,634,13,11,23,461,542,19,924,98,0,410,0,1,2,4,294,0,0,311,143,307,408,164
U.S. Senate,Federal,General,Precinct,2018,11717 Clay Pit Rd,33584,Seffner,FL,Hillsborough,2848,797,767,3,1,6,1942,1.47,0.28,0.28,0.41,0.13,1.46,0.40,0.27,0.39,0.13,0.99,0.55,0.81,0.32,11,33,295,304,1214,11,16,58,851,1033,58,1744,198,0,773,0,1,4,4,614,0,0,546,263,643,698,338
U.S. Senate,Federal,General,Precinct,2018,1310 S Kingsway Rd,33584,Seffner,FL,Hillsborough,4618,1609,1441,10,2,19,3019,1.53,0.38,0.35,0.53,0.18,1.40,0.37,0.31,0.48,0.17,1.30,0.66,1.01,0.25,10,102,445,303,2042,30,17,70,1437,1513,69,2846,173,1,1108,0,3,6,7,747,0,1,1146,319,846,1309,545
U.S. Senate,Federal,General,Precinct,2018,4450 County Road 579,33584,Seffner,FL,Hillsborough,3539,784,1044,6,0,7,2463,1.44,0.26,0.22,0.32,0.10,1.20,0.42,0.29,0.42,0.13,1.01,0.52,0.74,0.31,16,23,481,438,1381,24,24,76,1037,1352,74,2086,377,0,1032,0,0,5,4,771,0,0,651,353,877,794,439
U.S. Senate,Federal,General,Precinct,2018,501 S Kingsway Rd,33584,Seffner,FL,Hillsborough,4305,1437,1292,9,0,16,2894,1.49,0.36,0.33,0.50,0.16,1.37,0.36,0.30,0.45,0.15,1.24,0.63,0.94,0.27,12,84,360,362,1931,37,27,81,1360,1461,73,2768,126,0,1046,0,1,14,3,778,0,2,1050,310,843,1212,529
U.S. Senate,Federal,General,Precinct,2018,6720 C R 579 N,33584,Seffner,FL,Hillsborough,2544,629,838,7,1,11,1714,1.48,0.25,0.25,0.37,0.12,1.49,0.43,0.33,0.49,0.16,1.13,0.58,0.86,0.31,4,53,447,142,992,21,9,46,791,875,48,1536,178,0,741,0,2,6,6,536,0,1,422,203,465,696,350
U.S. Senate,Federal,General,Precinct,2018,1009 N Pebble Beach Blvd,33573,Sun City Center,FL,Hillsborough,2105,953,667,6,0,13,1379,1.53,0.46,0.45,0.69,0.24,1.51,0.32,0.32,0.48,0.17,1.53,0.77,1.17,0.22,5,12,18,45,1290,3,0,6,580,790,9,1308,71,0,435,0,0,3,0,309,0,1,631,14,35,286,1044
U.S. Senate,Federal,General,Precinct,2018,101 Trinity Lakes Dr,33573,Sun City Center,FL,Hillsborough,1739,801,423,5,0,6,1133,1.53,0.51,0.46,0.71,0.25,1.40,0.27,0.24,0.37,0.13,1.36,0.70,1.08,0.21,4,9,11,35,1056,4,2,12,487,629,17,1066,67,1,311,0,1,6,7,233,0,0,574,48,145,327,613
U.S. Senate,Federal,General,Precinct,2018,1010 American Eagle Blvd,33573,Sun City Center,FL,Hillsborough,626,269,200,0,0,9,397,1.58,0.56,0.43,0.68,0.25,1.21,0.25,0.32,0.50,0.18,2.04,0.75,1.18,0.19,3,2,2,1,386,0,0,3,158,239,0,386,11,0,98,0,0,1,0,76,0,0,222,0,0,5,392
U.S. Senate,Federal,General,Precinct,2018,1239 Del Webb Blvd,33573,Sun City Center,FL,Hillsborough,1059,490,339,1,0,13,693,1.53,0.48,0.46,0.71,0.24,1.48,0.29,0.32,0.49,0.17,1.67,0.78,1.20,0.22,2,6,4,24,653,3,0,1,299,388,6,653,40,0,203,0,0,6,1,153,0,0,330,3,14,136,540
U.S. Senate,Federal,General,Precinct,2018,1900 Clubhouse Dr,33573,Sun City Center,FL,Hillsborough,6639,2894,2219,15,3,51,4179,1.59,0.43,0.44,0.69,0.26,1.61,0.31,0.33,0.53,0.20,1.69,0.77,1.22,0.25,4,43,49,106,3921,16,7,33,1679,2461,39,3981,198,1,1315,1,2,26,3,1028,0,0,1803,22,71,661,3425
U.S. Senate,Federal,General,Precinct,2018,1910 S Pebble Beach Blvd,33573,Sun City Center,FL,Hillsborough,3732,1963,1171,9,0,24,2332,1.60,0.52,0.53,0.84,0.32,1.61,0.23,0.31,0.50,0.19,2.21,0.84,1.34,0.24,9,18,32,37,2202,15,3,16,1034,1274,24,2253,79,1,530,0,0,17,3,564,0,0,1217,14,32,484,1802
U.S. Senate,Federal,General,Precinct,2018,702 Del Webb Blvd W,33573,Sun City Center,FL,Hillsborough,5225,2027,1658,9,0,18,3219,1.62,0.42,0.39,0.63,0.24,1.49,0.32,0.32,0.52,0.20,1.63,0.71,1.14,0.25,8,41,312,248,2527,14,19,50,1390,1781,48,3097,122,0,1018,0,2,20,4,814,0,0,1361,164,576,739,1740
U.S. Senate,Federal,General,Precinct,2018,1207 N Jefferson St,33602,Tampa,FL,Hillsborough,1969,289,586,1,0,11,1318,1.49,0.24,0.15,0.22,0.07,0.90,0.34,0.30,0.44,0.15,1.33,0.44,0.66,0.42,4,22,100,128,718,13,13,320,387,588,343,930,388,0,442,0,0,2,6,548,0,0,320,785,234,85,214
U.S. Senate,Federal,General,Precinct,2018,2708 N Central Ave,33602,Tampa,FL,Hillsborough,2313,176,973,7,0,16,1515,1.53,0.09,0.08,0.12,0.04,1.31,0.64,0.42,0.64,0.22,1.00,0.50,0.76,0.26,5,11,742,235,396,13,15,98,644,792,79,1318,197,1,975,0,0,4,3,398,0,0,134,247,632,472,164
U.S. Senate,Federal,General,Precinct,2018,400 E Harrison St,33602,Tampa,FL,Hillsborough,764,142,407,0,0,9,429,1.78,0.23,0.19,0.33,0.15,1.45,0.52,0.53,0.95,0.42,1.83,0.72,1.28,0.25,1,5,71,111,224,8,3,6,211,207,11,375,54,0,222,0,0,0,1,108,0,0,98,44,151,113,121
U.S. Senate,Federal,General,Precinct,2018,601 E Kennedy Blvd,33602,Tampa,FL,Hillsborough,2071,300,348,1,0,5,1257,1.65,0.43,0.14,0.24,0.09,0.56,0.26,0.17,0.28,0.11,1.05,0.31,0.52,0.31,3,35,199,104,818,26,13,59,667,556,34,1071,186,0,332,0,1,0,3,385,0,1,535,75,470,588,124
U.S. Senate,Federal,General,Precinct,2018,701 Channelside Dr,33602,Tampa,FL,Hillsborough,3579,1259,1231,5,1,18,2168,1.65,0.44,0.35,0.58,0.23,1.31,0.25,0.34,0.57,0.22,2.23,0.70,1.15,0.29,3,76,70,172,1754,31,14,48,1062,1068,38,1959,209,0,551,0,1,10,5,638,0,0,963,174,859,830,305
U.S. Senate,Federal,General,Precinct,2018,4711 N Central Ave,33603,Tampa,FL,Hillsborough,2786,628,1287,7,1,12,1816,1.53,0.25,0.23,0.35,0.12,1.37,0.51,0.46,0.71,0.25,1.40,0.69,1.05,0.24,5,13,213,299,1195,23,7,61,832,931,53,1720,96,0,920,0,1,3,4,428,0,1,459,137,627,675,377
U.S. Senate,Federal,General,Precinct,2018,5101 N Rome Ave,33603,Tampa,FL,Hillsborough,2785,676,1102,4,0,19,1875,1.49,0.25,0.24,0.36,0.12,1.42,0.52,0.40,0.59,0.19,1.14,0.64,0.95,0.23,1,20,211,494,1055,19,9,66,803,1015,57,1723,152,0,968,0,0,5,3,423,0,0,476,163,551,663,498
U.S. Senate,Federal,General,Precinct,2018,5103 N Central Ave,33603,Tampa,FL,Hillsborough,3003,530,1497,6,1,20,1930,1.56,0.21,0.18,0.27,0.10,1.29,0.53,0.50,0.78,0.28,1.47,0.67,1.05,0.25,7,22,215,247,1347,25,9,58,899,984,47,1810,120,0,1016,0,3,8,5,487,1,0,410,177,805,671,277
U.S. Senate,Federal,General,Precinct,2018,5201 N Armenia Ave,33603,Tampa,FL,Hillsborough,2919,419,946,9,2,14,1873,1.56,0.18,0.14,0.22,0.08,1.22,0.50,0.32,0.51,0.18,1.02,0.47,0.73,0.32,4,53,255,838,586,37,19,81,813,972,88,1666,207,0,928,1,0,1,6,594,0,0,343,247,647,584,395
U.S. Senate,Federal,General,Precinct,2018,5609 N Albany Ave,33603,Tampa,FL,Hillsborough,2511,492,848,5,0,14,1663,1.51,0.25,0.20,0.30,0.10,1.19,0.47,0.34,0.51,0.17,1.08,0.53,0.81,0.27,5,22,174,622,724,27,10,79,717,875,70,1539,124,1,786,0,4,4,8,448,0,0,412,180,488,619,376
U.S. Senate,Federal,General,Precinct,2018,1000 E Eskimo Ave,33604,Tampa,FL,Hillsborough,3161,178,1038,2,2,27,2069,1.53,0.07,0.06,0.09,0.03,1.22,0.65,0.33,0.50,0.17,0.77,0.38,0.59,0.27,18,12,1130,353,410,24,25,97,825,1147,97,1772,297,0,1351,0,0,0,5,567,0,0,146,394,774,634,267
U.S. Senate,Federal,General,Precinct,2018,110 E Kirby St,33604,Tampa,FL,Hillsborough,1443,249,676,2,2,11,1004,1.44,0.18,0.17,0.25,0.08,1.35,0.53,0.47,0.67,0.20,1.26,0.64,0.92,0.27,7,18,151,124,653,14,9,28,485,495,24,881,123,0,536,0,4,5,6,269,0,0,184,106,377,358,163
U.S. Senate,Federal,General,Precinct,2018,1100 W Sligh Ave,33604,Tampa,FL,Hillsborough,3467,693,1112,8,0,28,2273,1.53,0.23,0.20,0.30,0.10,1.30,0.45,0.32,0.49,0.17,1.08,0.52,0.79,0.31,7,59,150,780,1136,23,12,106,1032,1139,102,2140,133,1,1028,0,3,3,9,695,0,1,533,261,712,878,422
U.S. Senate,Federal,General,Precinct,2018,5800 N Central Ave,33604,Tampa,FL,Hillsborough,2383,527,1197,5,0,15,1607,1.48,0.23,0.22,0.33,0.11,1.41,0.50,0.50,0.74,0.24,1.49,0.72,1.07,0.25,4,15,70,152,1297,17,3,49,734,832,41,1506,101,1,802,0,4,10,9,406,0,0,375,106,639,625,237
U.S. Senate,Federal,General,Precinct,2018,6918 N Florida Ave,33604,Tampa,FL,Hillsborough,2392,381,996,5,0,12,1524,1.57,0.19,0.16,0.25,0.09,1.35,0.52,0.42,0.65,0.24,1.25,0.58,0.90,0.28,6,12,304,355,768,12,14,53,677,797,50,1374,150,0,799,1,3,8,6,425,0,0,282,188,579,515,242
U.S. Senate,Federal,General,Precinct,2018,801 E Hillsborough Ave,33604,Tampa,FL,Hillsborough,3836,482,1854,10,0,36,2441,1.57,0.14,0.13,0.20,0.07,1.38,0.59,0.48,0.76,0.28,1.28,0.61,0.96,0.26,12,19,705,333,1196,26,25,125,1110,1232,99,2272,169,0,1443,0,0,7,9,632,0,0,350,279,969,829,364
U.S. Senate,Federal,General,Precinct,2018,8116 N 37th St,33604,Tampa,FL,Hillsborough,1561,186,651,5,1,15,1048,1.49,0.15,0.12,0.18,0.06,1.19,0.62,0.42,0.62,0.20,1.00,0.54,0.80,0.22,3,33,480,163,308,12,8,41,450,557,41,944,104,0,649,0,3,2,2,235,0,1,156,113,328,427,180
U.S. Senate,Federal,General,Precinct,2018,8220 N Florida Ave,33604,Tampa,FL,Hillsborough,335,37,170,2,0,10,224,1.50,0.08,0.11,0.17,0.05,1.95,0.77,0.51,0.76,0.25,0.99,0.62,0.92,0.15,2,0,62,134,19,1,0,6,96,122,6,190,34,0,172,0,0,0,0,33,0,0,19,0,9,68,147
U.S. Senate,Federal,General,Precinct,2018,1200 E Lake Ave,33605,Tampa,FL,Hillsborough,2456,191,1008,4,2,22,1660,1.48,0.10,0.08,0.12,0.04,1.14,0.66,0.41,0.61,0.20,0.93,0.49,0.72,0.24,9,11,741,410,366,19,19,85,709,860,91,1445,215,0,1089,0,1,3,2,397,0,0,168,212,548,565,335
U.S. Senate,Federal,General,Precinct,2018,2101 Lowe St,33605,Tampa,FL,Hillsborough,1018,68,454,2,0,9,629,1.62,0.07,0.07,0.11,0.04,1.58,0.72,0.45,0.72,0.28,1.00,0.51,0.83,0.21,9,4,359,131,76,12,8,30,219,383,27,554,75,0,454,0,1,0,1,130,0,0,43,81,189,155,204
U.S. Senate,Federal,General,Precinct,2018,2101 Lowe Street,33605,Tampa,FL,Hillsborough,1854,195,865,4,0,12,1225,1.51,0.12,0.11,0.16,0.05,1.29,0.61,0.47,0.71,0.24,1.16,0.57,0.87,0.26,3,9,506,186,447,14,15,45,530,648,47,1048,177,1,746,0,0,5,5,317,0,0,151,149,442,406,228
U.S. Senate,Federal,General,Precinct,2018,2224 Corrine St,33605,Tampa,FL,Hillsborough,990,163,287,1,0,7,640,1.55,0.18,0.16,0.25,0.09,1.42,0.49,0.29,0.45,0.16,0.91,0.45,0.70,0.32,3,2,58,288,247,11,6,25,294,317,29,596,44,0,316,0,0,1,1,207,0,0,115,91,201,218,130
U.S. Senate,Federal,General,Precinct,2018,2511 E Columbus Dr,33605,Tampa,FL,Hillsborough,4496,259,2048,13,0,24,2888,1.56,0.08,0.06,0.09,0.03,1.16,0.69,0.46,0.71,0.25,1.03,0.51,0.80,0.23,14,27,1567,372,689,48,33,138,1283,1465,140,2518,370,0,1989,0,4,4,10,657,0,0,224,409,1145,889,445
U.S. Senate,Federal,General,Precinct,2018,1006 W Cypress St,33606,Tampa,FL,Hillsborough,4138,647,1742,12,0,34,2518,1.64,0.20,0.16,0.26,0.10,1.27,0.49,0.42,0.69,0.27,1.40,0.58,0.95,0.30,7,39,837,225,1244,37,29,100,1183,1243,91,2216,302,0,1244,0,1,11,6,744,1,0,511,465,1104,665,284
U.S. Senate,Federal,General,Precinct,2018,302 W Kennedy Blvd,33606,Tampa,FL,Hillsborough,3471,930,1416,8,0,11,2189,1.59,0.32,0.27,0.42,0.16,1.31,0.32,0.41,0.65,0.24,2.00,0.68,1.07,0.34,5,80,132,198,1655,48,14,57,1199,935,55,1766,423,0,709,0,3,16,14,739,0,0,708,249,1287,550,103
U.S. Senate,Federal,General,Precinct,2018,821 S Rome Ave,33606,Tampa,FL,Hillsborough,7440,2553,2879,10,0,38,4844,1.54,0.43,0.34,0.53,0.18,1.23,0.31,0.39,0.59,0.21,1.92,0.73,1.12,0.25,13,112,75,229,4230,62,27,96,2361,2390,93,4444,400,0,1497,0,3,17,23,1220,0,0,2084,486,1903,1823,632
U.S. Senate,Federal,General,Precinct,2018,97 Biscayne Ave,33606,Tampa,FL,Hillsborough,1234,578,417,1,0,7,853,1.45,0.47,0.47,0.68,0.21,1.43,0.33,0.34,0.49,0.15,1.47,0.81,1.17,0.19,0,15,3,50,762,6,1,16,423,416,14,806,47,0,284,0,0,2,3,160,0,0,404,80,187,432,154
U.S. Senate,Federal,General,Precinct,2018,97 Columbia Dr,33606,Tampa,FL,Hillsborough,3060,1170,1125,3,1,17,2034,1.50,0.43,0.38,0.58,0.19,1.35,0.33,0.37,0.55,0.19,1.68,0.75,1.13,0.24,5,43,36,103,1775,16,9,47,986,1012,36,1911,123,0,670,0,0,7,5,487,0,0,865,184,540,856,454
U.S. Senate,Federal,General,Precinct,2018,1615 N Hubert Ave,33607,Tampa,FL,Hillsborough,3153,509,1364,3,1,17,1938,1.63,0.19,0.16,0.26,0.10,1.39,0.51,0.43,0.70,0.27,1.39,0.59,0.97,0.29,8,63,746,182,819,37,20,63,877,1005,56,1744,194,0,984,0,0,11,6,571,0,0,366,307,858,496,277
U.S. Senate,Federal,General,Precinct,2018,1801 N Lincoln Ave,33607,Tampa,FL,Hillsborough,4632,885,1628,8,0,35,3196,1.45,0.22,0.19,0.28,0.09,1.29,0.51,0.35,0.51,0.16,1.00,0.54,0.79,0.27,3,38,415,1432,1104,50,21,133,1392,1662,141,2908,288,0,1636,0,1,8,5,858,0,0,688,359,924,990,923
U.S. Senate,Federal,General,Precinct,2018,2312 W Union St,33607,Tampa,FL,Hillsborough,1792,95,865,5,0,17,1240,1.45,0.07,0.05,0.08,0.02,1.03,0.68,0.48,0.70,0.21,1.03,0.54,0.77,0.24,1,4,800,191,141,5,10,88,491,685,64,1000,240,0,843,0,1,3,0,301,0,0,92,209,468,351,212
U.S. Senate,Federal,General,Precinct,2018,4120 N MacDill Ave,33607,Tampa,FL,Hillsborough,2898,638,989,5,1,11,1949,1.49,0.25,0.22,0.33,0.11,1.32,0.50,0.34,0.51,0.17,1.01,0.56,0.83,0.24,6,32,183,862,767,25,14,60,838,1046,65,1778,171,0,982,0,1,5,4,475,0,0,482,163,523,574,689
U.S. Senate,Federal,General,Precinct,2018,305 N Manhattan Ave,33609,Tampa,FL,Hillsborough,2888,746,978,12,0,23,1819,1.59,0.33,0.26,0.41,0.15,1.25,0.36,0.34,0.54,0.20,1.51,0.60,0.95,0.30,3,59,128,252,1278,31,15,53,862,912,45,1629,190,0,648,0,2,11,9,550,0,0,599,182,675,659,303
U.S. Senate,Federal,General,Precinct,2018,3315 W Lemon St,33609,Tampa,FL,Hillsborough,5256,1319,2075,11,2,25,3536,1.49,0.29,0.25,0.37,0.12,1.27,0.43,0.39,0.59,0.19,1.35,0.65,0.96,0.26,5,80,320,593,2360,46,26,106,1581,1855,100,3167,369,0,1533,0,4,14,11,936,1,1,1036,408,1355,1033,740
U.S. Senate,Federal,General,Precinct,2018,501 S Dale Mabry Hwy,33609,Tampa,FL,Hillsborough,3420,1366,1170,4,0,16,2250,1.52,0.47,0.40,0.61,0.21,1.29,0.33,0.34,0.52,0.18,1.59,0.74,1.13,0.20,2,58,43,166,1898,25,10,48,1062,1142,46,2154,96,0,736,0,0,6,7,446,0,0,1055,199,676,932,443
U.S. Senate,Federal,General,Precinct,2018,821 S Dale Mabry Hwy,33609,Tampa,FL,Hillsborough,2858,1265,882,4,1,15,1976,1.45,0.52,0.44,0.64,0.20,1.22,0.29,0.31,0.45,0.14,1.56,0.75,1.09,0.18,1,56,38,136,1667,28,10,40,932,998,46,1895,81,1,564,0,0,5,7,363,0,0,1036,189,517,828,442
U.S. Senate,Federal,General,Precinct,2018,10201 E US Highway 92,33610,Tampa,FL,Hillsborough,3154,535,968,11,1,11,2127,1.48,0.21,0.17,0.25,0.08,1.22,0.45,0.31,0.46,0.15,1.00,0.48,0.71,0.33,6,27,461,388,1106,36,30,73,907,1160,60,1779,348,0,967,0,3,8,6,704,0,2,437,323,813,738,253
U.S. Senate,Federal,General,Precinct,2018,2101 E M L K Jr Blvd,33610,Tampa,FL,Hillsborough,3619,103,1703,11,0,34,2367,1.53,0.04,0.03,0.04,0.02,1.12,0.74,0.47,0.72,0.25,0.97,0.50,0.76,0.21,13,8,1768,218,162,20,19,159,860,1372,135,2152,215,0,1762,0,2,4,2,505,0,0,92,370,852,748,397
U.S. Senate,Federal,General,Precinct,2018,3310 E Lake Ave,33610,Tampa,FL,Hillsborough,3044,70,1478,6,1,26,1987,1.53,0.03,0.02,0.04,0.01,1.04,0.79,0.49,0.74,0.26,0.94,0.51,0.78,0.17,6,1,1659,95,99,16,13,98,764,1134,89,1838,149,0,1573,0,3,2,1,340,0,1,67,309,625,679,374
U.S. Senate,Federal,General,Precinct,2018,5019 N 34th St,33610,Tampa,FL,Hillsborough,3582,96,1732,7,0,25,2309,1.55,0.03,0.03,0.04,0.01,1.20,0.80,0.48,0.75,0.27,0.94,0.51,0.79,0.16,11,5,1873,167,85,18,15,135,847,1354,108,2155,154,0,1844,0,0,5,0,380,0,0,80,356,732,748,473
U.S. Senate,Federal,General,Precinct,2018,5706 N 40th St,33610,Tampa,FL,Hillsborough,3716,163,1696,13,0,25,2474,1.50,0.06,0.04,0.07,0.02,1.14,0.75,0.46,0.69,0.23,0.91,0.50,0.75,0.19,3,19,1828,246,193,19,22,144,924,1424,126,2218,256,0,1860,1,0,1,1,468,0,0,143,379,873,731,491
U.S. Senate,Federal,General,Precinct,2018,6304 N 30th St,33610,Tampa,FL,Hillsborough,3530,214,1757,12,2,31,2425,1.46,0.07,0.06,0.09,0.03,1.19,0.74,0.50,0.72,0.23,0.98,0.56,0.81,0.18,11,10,1597,200,431,32,16,128,974,1347,104,2250,175,1,1791,0,2,4,5,440,0,2,180,294,763,802,566
U.S. Senate,Federal,General,Precinct,2018,6400 N 15th St,33610,Tampa,FL,Hillsborough,1453,251,639,1,0,4,973,1.49,0.20,0.17,0.26,0.09,1.32,0.51,0.44,0.66,0.22,1.28,0.61,0.91,0.28,1,15,149,137,607,15,8,41,444,500,29,855,118,0,499,0,2,2,6,274,0,0,190,87,367,372,147
U.S. Senate,Federal,General,Precinct,2018,7217 Kingsbury CIr,33610,Tampa,FL,Hillsborough,547,149,171,1,0,5,362,1.51,0.27,0.27,0.41,0.14,1.55,0.46,0.31,0.47,0.16,1.03,0.59,0.88,0.27,1,3,69,48,230,3,3,5,159,191,12,339,23,0,166,0,0,0,1,99,0,0,96,48,99,127,88
U.S. Senate,Federal,General,Precinct,2018,7225 E Chelsea St,33610,Tampa,FL,Hillsborough,5062,585,1950,10,0,32,3370,1.50,0.15,0.12,0.17,0.06,1.19,0.57,0.39,0.58,0.19,1.01,0.50,0.75,0.27,10,57,1406,528,1108,67,37,157,1365,1845,160,2986,384,1,1935,0,3,10,10,919,0,0,492,528,1244,1091,507
U.S. Senate,Federal,General,Precinct,2018,3600 W Ballast Point Blvd,33611,Tampa,FL,Hillsborough,4836,1460,1571,11,2,22,3237,1.49,0.34,0.30,0.45,0.15,1.32,0.35,0.32,0.49,0.16,1.39,0.63,0.94,0.30,14,121,302,265,2377,48,24,86,1525,1629,83,2927,310,1,1127,0,1,7,11,987,0,0,1103,236,1170,1284,547
U.S. Senate,Federal,General,Precinct,2018,3616 W Gandy Blvd,33611,Tampa,FL,Hillsborough,2136,792,806,5,0,15,1439,1.48,0.44,0.37,0.55,0.18,1.24,0.33,0.38,0.56,0.18,1.67,0.75,1.11,0.22,3,29,27,80,1251,19,9,21,676,740,23,1343,96,0,482,0,1,2,5,311,0,1,637,118,451,593,277
U.S. Senate,Federal,General,Precinct,2018,3910 S Manhattan Ave,33611,Tampa,FL,Hillsborough,1992,609,655,4,0,24,1337,1.49,0.33,0.31,0.46,0.15,1.40,0.37,0.33,0.49,0.16,1.33,0.63,0.95,0.29,6,34,54,136,1049,17,7,34,618,688,31,1181,156,0,492,0,2,5,9,393,0,0,436,140,474,413,310
U.S. Senate,Federal,General,Precinct,2018,4020 S Manhattan Ave,33611,Tampa,FL,Hillsborough,7517,2716,2497,12,2,61,5086,1.48,0.41,0.36,0.53,0.17,1.30,0.34,0.33,0.49,0.16,1.45,0.69,1.02,0.24,15,103,200,407,4163,57,28,113,2323,2659,104,4755,331,1,1727,0,0,7,19,1237,1,0,2094,444,1578,1955,1109
U.S. Senate,Federal,General,Precinct,2018,5212 Interbay Blvd,33611,Tampa,FL,Hillsborough,2248,842,781,6,0,15,1469,1.53,0.42,0.37,0.57,0.20,1.36,0.33,0.35,0.53,0.18,1.60,0.72,1.10,0.24,3,29,51,81,1254,15,6,30,641,798,30,1363,106,0,489,0,1,2,3,356,0,0,618,93,477,535,364
U.S. Senate,Federal,General,Precinct,2018,6202 S MacDill Ave,33611,Tampa,FL,Hillsborough,2336,812,805,4,0,13,1533,1.52,0.42,0.35,0.53,0.18,1.27,0.32,0.34,0.53,0.18,1.63,0.69,1.05,0.25,4,40,83,109,1226,15,15,41,710,792,31,1400,133,0,495,0,2,10,5,382,0,0,639,121,512,643,257
U.S. Senate,Federal,General,Precinct,2018,10401 N Florida Ave,33612,Tampa,FL,Hillsborough,837,97,218,3,0,6,540,1.55,0.14,0.12,0.18,0.06,1.28,0.51,0.26,0.40,0.14,0.79,0.38,0.58,0.34,3,3,156,154,171,15,6,32,241,266,33,466,74,0,276,0,0,1,0,186,1,0,76,84,181,201,74
U.S. Senate,Federal,General,Precinct,2018,10902 N Armenia Ave,33612,Tampa,FL,Hillsborough,3063,911,1038,9,0,17,2039,1.50,0.34,0.30,0.45,0.15,1.32,0.40,0.34,0.51,0.17,1.28,0.64,0.96,0.25,6,24,103,293,1534,20,8,51,916,1077,46,1961,78,0,811,0,6,5,6,519,0,1,691,196,551,809,483
U.S. Senate,Federal,General,Precinct,2018,11001 N 15th St,33612,Tampa,FL,Hillsborough,3617,328,1264,4,1,27,2407,1.50,0.12,0.09,0.14,0.05,1.15,0.61,0.35,0.53,0.18,0.86,0.44,0.66,0.27,11,27,982,649,576,37,20,105,1015,1298,94,2080,327,0,1473,1,1,3,5,640,0,0,284,379,853,779,396
U.S. Senate,Federal,General,Precinct,2018,12012 N Rome Ave,33612,Tampa,FL,Hillsborough,1071,355,400,5,0,6,714,1.50,0.36,0.33,0.50,0.17,1.37,0.41,0.37,0.56,0.19,1.36,0.70,1.06,0.22,1,12,36,64,564,11,8,18,312,388,14,690,24,0,295,0,0,1,0,158,0,0,260,51,192,270,201
U.S. Senate,Federal,General,Precinct,2018,12401 N 22nd St,33612,Tampa,FL,Hillsborough,346,108,134,0,0,1,220,1.57,0.43,0.31,0.49,0.18,1.14,0.45,0.39,0.61,0.22,1.35,0.70,1.10,0.12,0,3,6,5,200,2,0,4,71,149,0,211,9,0,99,0,0,0,0,26,0,0,95,0,0,2,218
U.S. Senate,Federal,General,Precinct,2018,13228 N Central Ave,33612,Tampa,FL,Hillsborough,873,125,177,0,0,5,624,1.40,0.19,0.14,0.20,0.06,1.05,0.49,0.20,0.28,0.08,0.58,0.35,0.48,0.31,5,12,104,175,291,10,6,21,315,286,23,538,86,0,306,0,0,3,4,192,0,0,119,71,188,250,115
U.S. Senate,Federal,General,Precinct,2018,1902 S Village Ave,33612,Tampa,FL,Hillsborough,2199,538,673,7,1,12,1448,1.52,0.29,0.24,0.37,0.13,1.27,0.40,0.31,0.46,0.16,1.16,0.55,0.84,0.30,3,17,159,253,944,20,12,40,691,718,39,1337,111,0,581,0,0,9,4,429,0,1,424,128,412,579,329
U.S. Senate,Federal,General,Precinct,2018,2121 E 131st Ave,33612,Tampa,FL,Hillsborough,2145,137,693,4,1,13,1508,1.42,0.11,0.06,0.09,0.03,0.84,0.56,0.32,0.46,0.14,0.83,0.39,0.55,0.33,6,28,654,388,326,25,19,62,655,784,69,1125,383,0,840,1,1,3,4,496,0,0,163,396,641,326,145
U.S. Senate,Federal,General,Precinct,2018,2202 E Busch Blvd,33612,Tampa,FL,Hillsborough,5228,544,1681,10,1,29,3451,1.51,0.13,0.10,0.16,0.05,1.21,0.58,0.32,0.49,0.17,0.84,0.43,0.64,0.28,13,36,1355,837,936,46,38,190,1432,1871,148,3015,436,0,2006,1,4,5,5,980,0,0,450,553,1178,1212,508
U.S. Senate,Federal,General,Precinct,2018,709 W Linebaugh Ave,33612,Tampa,FL,Hillsborough,2111,481,640,3,1,11,1372,1.54,0.26,0.23,0.35,0.12,1.37,0.45,0.30,0.47,0.16,1.04,0.53,0.82,0.28,4,25,115,350,797,16,10,55,615,707,50,1272,100,0,617,0,2,6,5,391,0,0,351,155,383,500,334
U.S. Senate,Federal,General,Precinct,2018,724 W 109th Ave,33612,Tampa,FL,Hillsborough,3071,461,887,5,1,23,2008,1.53,0.18,0.15,0.23,0.08,1.28,0.48,0.29,0.44,0.15,0.92,0.44,0.67,0.34,6,64,315,786,713,23,13,88,890,1043,75,1750,258,0,960,0,1,3,3,681,0,0,360,268,728,711,301
U.S. Senate,Federal,General,Precinct,2018,1201 Skipper Rd,33613,Tampa,FL,Hillsborough,3424,251,1059,3,0,11,2238,1.53,0.10,0.07,0.11,0.04,1.11,0.51,0.31,0.47,0.16,0.92,0.38,0.59,0.38,11,24,723,779,512,36,48,105,946,1192,100,1787,451,1,1148,0,0,7,6,849,0,1,226,526,864,655,193
U.S. Senate,Federal,General,Precinct,2018,14013 N 22nd St,33613,Tampa,FL,Hillsborough,8491,629,3193,15,1,46,5718,1.48,0.11,0.07,0.11,0.04,1.02,0.55,0.38,0.56,0.18,1.01,0.45,0.67,0.33,36,132,2204,1233,1639,101,104,269,2388,3063,267,4328,1390,0,3172,1,9,12,17,1888,0,0,619,1697,2302,1297,422
U.S. Senate,Federal,General,Precinct,2018,15520 N Boulevard,33613,Tampa,FL,Hillsborough,2393,1064,684,5,0,18,1652,1.45,0.51,0.44,0.64,0.20,1.26,0.30,0.29,0.41,0.13,1.39,0.73,1.06,0.19,5,27,58,117,1399,16,10,20,757,877,18,1587,65,0,491,0,2,4,2,310,0,0,843,113,316,620,603
U.S. Senate,Federal,General,Precinct,2018,16235 Lake Magdalene Blvd,33613,Tampa,FL,Hillsborough,1935,493,649,2,0,12,1255,1.54,0.31,0.25,0.39,0.14,1.28,0.41,0.34,0.52,0.18,1.26,0.59,0.91,0.28,0,24,138,210,828,11,9,35,577,647,31,1172,83,0,514,0,0,2,6,349,0,0,384,114,394,473,274
U.S. Senate,Federal,General,Precinct,2018,4100 E Fletcher Ave,33613,Tampa,FL,Hillsborough,308,118,97,0,0,7,211,1.46,0.54,0.38,0.56,0.18,1.04,0.36,0.31,0.46,0.14,1.26,0.70,1.02,0.10,1,1,6,4,191,1,1,6,60,148,3,199,12,0,77,0,0,0,0,21,0,0,113,0,1,6,204
U.S. Senate,Federal,General,Precinct,2018,808 W Bearss Ave,33613,Tampa,FL,Hillsborough,2643,846,874,7,0,21,1826,1.45,0.35,0.32,0.46,0.14,1.31,0.41,0.33,0.48,0.15,1.18,0.65,0.94,0.23,5,31,137,253,1328,18,13,41,809,980,37,1711,115,0,742,0,2,3,5,429,1,0,644,145,455,699,527
U.S. Senate,Federal,General,Precinct,2018,2707 W Waters Ave,33614,Tampa,FL,Hillsborough,5380,1149,1888,13,1,28,3514,1.53,0.23,0.21,0.33,0.11,1.45,0.46,0.35,0.54,0.19,1.16,0.56,0.86,0.31,5,89,463,1130,1626,42,33,126,1531,1847,135,3090,424,1,1629,0,1,5,8,1076,0,0,794,472,1228,1172,642
U.S. Senate,Federal,General,Precinct,2018,2828 W Kirby St,33614,Tampa,FL,Hillsborough,2120,441,562,3,1,6,1434,1.48,0.22,0.21,0.31,0.10,1.39,0.43,0.27,0.39,0.13,0.91,0.47,0.70,0.34,5,34,90,658,554,15,9,69,658,705,71,1286,148,0,616,0,1,3,1,494,1,0,318,170,469,511,284
U.S. Senate,Federal,General,Precinct,2018,3809 W Broad St,33614,Tampa,FL,Hillsborough,4957,927,1417,8,1,27,3252,1.52,0.21,0.19,0.29,0.10,1.35,0.44,0.29,0.44,0.15,0.98,0.47,0.72,0.34,6,142,305,1692,864,49,25,169,1373,1686,193,2904,348,1,1439,0,1,4,5,1117,0,0,685,427,1134,1112,579
U.S. Senate,Federal,General,Precinct,2018,4810 N Himes Ave,33614,Tampa,FL,Hillsborough,802,102,154,0,0,4,552,1.45,0.19,0.13,0.18,0.06,0.99,0.44,0.19,0.28,0.09,0.63,0.32,0.46,0.37,2,4,95,202,201,5,15,28,301,225,26,416,136,0,245,0,0,2,0,202,0,0,103,159,144,185,64
U.S. Senate,Federal,General,Precinct,2018,5902 N Himes Ave,33614,Tampa,FL,Hillsborough,3492,764,919,5,0,18,2362,1.48,0.27,0.22,0.32,0.10,1.19,0.42,0.26,0.39,0.13,0.93,0.48,0.71,0.30,2,39,64,1331,758,33,14,121,1062,1170,130,2246,116,0,991,0,0,4,6,718,0,0,643,268,589,779,726
U.S. Senate,Federal,General,Precinct,2018,6830 N Habana Ave,33614,Tampa,FL,Hillsborough,2522,515,840,5,2,15,1671,1.51,0.23,0.20,0.31,0.10,1.36,0.50,0.33,0.50,0.17,1.01,0.54,0.81,0.27,4,15,196,579,794,17,13,53,779,846,46,1495,176,0,829,0,0,4,3,456,0,0,379,202,547,562,360
U.S. Senate,Federal,General,Precinct,2018,10905 Memorial Hwy,33615,Tampa,FL,Hillsborough,7730,1660,2492,12,2,57,5035,1.54,0.26,0.21,0.33,0.11,1.26,0.41,0.32,0.49,0.17,1.22,0.54,0.82,0.33,16,215,490,1760,2212,95,38,209,2304,2544,187,4750,285,0,2042,0,0,17,7,1653,0,0,1316,616,1631,2050,738
U.S. Senate,Federal,General,Precinct,2018,6100 Memorial Hwy,33615,Tampa,FL,Hillsborough,3358,1067,1129,9,1,24,2265,1.48,0.35,0.32,0.47,0.15,1.35,0.35,0.34,0.50,0.16,1.43,0.65,0.97,0.29,4,50,150,331,1631,29,17,53,1095,1112,58,2042,223,0,788,0,4,8,8,664,0,0,793,216,764,877,408
U.S. Senate,Federal,General,Precinct,2018,7215 Sheldon Rd,33615,Tampa,FL,Hillsborough,3260,1022,969,5,0,15,2156,1.51,0.35,0.31,0.47,0.16,1.35,0.33,0.30,0.45,0.15,1.35,0.61,0.92,0.31,9,76,199,331,1426,31,22,62,979,1121,56,1923,233,0,718,0,2,10,7,663,0,1,755,193,725,842,396
U.S. Senate,Federal,General,Precinct,2018,7259 Sheldon Rd,33615,Tampa,FL,Hillsborough,4501,881,1371,11,1,27,2880,1.56,0.25,0.20,0.31,0.11,1.25,0.42,0.30,0.48,0.17,1.14,0.50,0.78,0.33,4,70,164,1064,1428,35,14,101,1266,1490,124,2686,194,1,1205,0,2,6,8,952,0,0,706,307,819,1080,674
U.S. Senate,Federal,General,Precinct,2018,7601 Jackson Springs Rd,33615,Tampa,FL,Hillsborough,3377,855,1100,7,1,29,2261,1.49,0.28,0.25,0.38,0.12,1.36,0.42,0.33,0.49,0.16,1.16,0.58,0.86,0.30,1,29,168,828,1116,27,17,75,1010,1175,76,2082,179,0,952,0,2,4,4,672,0,0,627,256,614,811,580
U.S. Senate,Federal,General,Precinct,2018,7606 Paula Dr,33615,Tampa,FL,Hillsborough,2881,604,844,6,0,21,1994,1.44,0.24,0.21,0.30,0.09,1.24,0.43,0.29,0.42,0.13,0.99,0.50,0.73,0.32,6,21,152,814,877,27,12,85,874,1035,85,1809,185,0,855,0,1,3,1,647,0,0,487,227,633,687,447
U.S. Senate,Federal,General,Precinct,2018,8606 Boulder Ct,33615,Tampa,FL,Hillsborough,2705,517,864,2,0,14,1753,1.54,0.22,0.19,0.29,0.10,1.35,0.47,0.32,0.49,0.17,1.05,0.51,0.79,0.31,3,23,141,850,665,12,9,50,750,937,66,1585,168,0,821,0,0,2,1,547,0,0,382,170,455,611,517
U.S. Senate,Federal,General,Precinct,2018,9315 Memorial Hwy,33615,Tampa,FL,Hillsborough,3519,783,1027,7,0,19,2235,1.57,0.26,0.22,0.35,0.13,1.36,0.40,0.29,0.46,0.17,1.14,0.51,0.81,0.33,3,94,206,771,1035,23,14,89,1016,1137,82,2013,222,0,904,0,1,3,6,744,0,0,577,277,722,876,360
U.S. Senate,Federal,General,Precinct,2018,4207 W Oklahoma Ave,33616,Tampa,FL,Hillsborough,4604,1000,1508,14,1,30,3033,1.52,0.27,0.22,0.33,0.11,1.22,0.40,0.33,0.50,0.17,1.23,0.54,0.83,0.32,16,131,463,463,1770,48,38,104,1365,1572,96,2707,326,3,1227,0,0,11,9,962,0,0,821,393,1151,999,490
U.S. Senate,Federal,General,Precinct,2018,4702 W McCoy St,33616,Tampa,FL,Hillsborough,8674,2368,2489,21,0,40,5739,1.51,0.33,0.27,0.41,0.14,1.24,0.34,0.29,0.43,0.15,1.29,0.56,0.85,0.32,13,191,710,575,3943,93,59,155,2707,2894,137,5054,685,1,1931,0,7,30,17,1847,0,1,1905,665,2413,1956,705
U.S. Senate,Federal,General,Precinct,2018,13101 USF Sycamore Dr,33617,Tampa,FL,Hillsborough,2141,218,1017,7,1,14,1541,1.39,0.14,0.10,0.14,0.04,1.00,0.51,0.48,0.66,0.18,1.30,0.58,0.80,0.34,4,62,460,212,663,35,36,69,669,801,71,1117,424,0,783,0,4,10,6,519,0,0,219,412,713,316,100
U.S. Senate,Federal,General,Precinct,2018,5030 E Busch Blvd,33617,Tampa,FL,Hillsborough,5077,645,2115,12,0,35,3278,1.55,0.17,0.13,0.20,0.07,1.16,0.54,0.42,0.65,0.23,1.19,0.54,0.84,0.28,8,86,1084,631,1198,83,68,120,1377,1778,123,2867,411,0,1774,0,4,6,6,932,0,1,555,635,1080,996,567
U.S. Senate,Federal,General,Precinct,2018,5500 E Sligh Ave,33617,Tampa,FL,Hillsborough,1390,81,658,2,0,13,905,1.54,0.08,0.06,0.09,0.03,1.09,0.73,0.47,0.73,0.25,1.00,0.53,0.82,0.19,4,6,601,94,131,6,7,56,346,525,34,807,98,0,657,0,0,0,1,172,0,1,74,116,328,305,156
U.S. Senate,Federal,General,Precinct,2018,8718 N 46th St,33617,Tampa,FL,Hillsborough,6694,589,3180,11,1,49,4530,1.48,0.11,0.09,0.13,0.04,1.20,0.66,0.48,0.70,0.23,1.07,0.56,0.83,0.23,18,47,2543,621,991,77,60,173,1803,2569,158,3934,596,0,2984,0,2,9,7,1039,0,0,489,714,1556,1538,722
U.S. Senate,Federal,General,Precinct,2018,12708 N Dale Mabry Hwy,33618,Tampa,FL,Hillsborough,2367,939,793,4,0,14,1707,1.39,0.45,0.40,0.55,0.15,1.23,0.33,0.34,0.46,0.13,1.40,0.73,1.01,0.22,4,22,81,190,1357,15,7,31,776,899,32,1624,83,0,566,0,1,1,4,374,0,0,761,158,352,677,520
U.S. Senate,Federal,General,Precinct,2018,13115 S Village Dr,33618,Tampa,FL,Hillsborough,912,393,321,1,1,3,616,1.48,0.50,0.43,0.64,0.21,1.27,0.31,0.35,0.52,0.17,1.67,0.78,1.16,0.18,3,4,7,50,533,5,2,12,273,339,4,599,17,0,192,0,0,2,4,108,0,0,310,41,99,222,254
U.S. Senate,Federal,General,Precinct,2018,2902 W Bearss Ave,33618,Tampa,FL,Hillsborough,5769,1770,1845,8,2,27,3888,1.48,0.37,0.31,0.46,0.15,1.24,0.36,0.32,0.47,0.15,1.32,0.63,0.93,0.27,10,118,284,789,2487,61,27,112,1747,2027,114,3627,261,0,1402,0,3,9,8,1034,0,2,1430,432,1112,1565,779
U.S. Senate,Federal,General,Precinct,2018,2902 W Fletcher Ave,33618,Tampa,FL,Hillsborough,2625,910,943,4,0,16,1805,1.45,0.36,0.35,0.50,0.16,1.39,0.39,0.36,0.52,0.16,1.35,0.71,1.03,0.24,7,50,104,259,1308,20,11,46,802,960,43,1664,141,0,701,1,1,4,6,435,0,0,657,172,553,657,423
U.S. Senate,Federal,General,Precinct,2018,3120 Clay Mangum Ln,33618,Tampa,FL,Hillsborough,2271,845,803,4,1,13,1583,1.43,0.42,0.37,0.53,0.16,1.26,0.36,0.35,0.51,0.15,1.40,0.73,1.04,0.21,4,36,71,173,1215,24,15,45,711,826,46,1511,72,1,572,0,0,2,6,334,0,0,668,144,371,620,448
U.S. Senate,Federal,General,Precinct,2018,3515 McFarland Rd,33618,Tampa,FL,Hillsborough,3772,1531,1316,4,0,22,2634,1.43,0.44,0.41,0.58,0.18,1.32,0.35,0.35,0.50,0.15,1.41,0.75,1.08,0.20,3,27,84,245,2162,36,13,64,1231,1346,57,2521,113,0,933,0,2,1,7,533,0,0,1158,229,629,1042,734
U.S. Senate,Federal,General,Precinct,2018,3714 W Linebaugh Ave,33618,Tampa,FL,Hillsborough,2236,888,693,5,0,3,1530,1.46,0.45,0.40,0.58,0.18,1.30,0.33,0.31,0.45,0.14,1.37,0.71,1.03,0.22,2,46,74,185,1152,21,5,45,689,800,41,1449,81,1,507,0,0,4,5,331,0,0,682,154,412,565,399
U.S. Senate,Federal,General,Precinct,2018,4537 Lowell Rd,33618,Tampa,FL,Hillsborough,4786,1413,1564,10,0,29,3197,1.50,0.33,0.30,0.44,0.15,1.35,0.38,0.33,0.49,0.16,1.29,0.62,0.93,0.29,12,103,208,737,1959,49,24,105,1396,1708,93,2969,228,1,1216,0,1,5,10,918,0,0,1046,345,903,1262,687
U.S. Senate,Federal,General,Precinct,2018,1301 S 78th St,33619,Tampa,FL,Hillsborough,2041,246,624,0,0,6,1391,1.47,0.15,0.12,0.18,0.06,1.19,0.52,0.31,0.45,0.14,0.87,0.43,0.63,0.34,4,14,379,499,385,12,16,82,587,731,73,1257,134,0,717,0,0,1,0,466,0,0,207,171,482,478,260
U.S. Senate,Federal,General,Precinct,2018,3015 S 75th St,33619,Tampa,FL,Hillsborough,2541,447,697,4,0,4,1703,1.49,0.20,0.18,0.26,0.09,1.31,0.49,0.27,0.41,0.13,0.83,0.45,0.67,0.31,1,19,402,537,642,14,9,79,777,857,69,1549,154,0,836,0,1,2,0,523,0,1,340,216,527,630,330
U.S. Senate,Federal,General,Precinct,2018,3724 N 54th St,33619,Tampa,FL,Hillsborough,2767,160,1105,8,0,24,1777,1.56,0.09,0.06,0.09,0.03,1.01,0.66,0.40,0.62,0.22,0.94,0.46,0.71,0.25,7,12,1081,187,375,17,17,81,709,989,79,1565,212,0,1176,0,1,1,2,438,0,0,159,282,612,590,293
U.S. Senate,Federal,General,Precinct,2018,5415 Palm River Rd,33619,Tampa,FL,Hillsborough,1900,272,666,3,0,9,1308,1.45,0.16,0.14,0.21,0.06,1.31,0.56,0.35,0.51,0.16,0.91,0.49,0.72,0.28,5,13,495,314,407,10,5,59,552,692,64,1140,168,0,734,0,0,3,1,362,0,0,208,156,435,457,260
U.S. Senate,Federal,General,Precinct,2018,7001 12th Ave S,33619,Tampa,FL,Hillsborough,2624,363,813,5,1,11,1787,1.47,0.16,0.14,0.20,0.06,1.26,0.56,0.31,0.45,0.15,0.81,0.45,0.66,0.28,3,18,588,541,518,15,19,85,795,899,93,1598,189,0,998,0,2,4,3,492,0,0,288,266,595,614,312
U.S. Senate,Federal,General,Precinct,2018,7625 Palm River Rd,33619,Tampa,FL,Hillsborough,2899,379,1040,10,0,9,1850,1.57,0.16,0.13,0.20,0.07,1.31,0.49,0.36,0.56,0.20,1.15,0.49,0.77,0.35,6,57,581,512,573,28,22,71,800,987,63,1645,205,1,901,0,0,10,8,639,0,1,290,244,759,654,193
U.S. Senate,Federal,General,Precinct,2018,8701 Progress Blvd,33619,Tampa,FL,Hillsborough,8776,1336,3607,19,0,31,5395,1.63,0.20,0.15,0.25,0.10,1.26,0.49,0.41,0.67,0.26,1.37,0.56,0.92,0.30,11,140,1954,771,2222,85,54,158,2360,2885,149,4764,631,1,2627,0,3,44,24,1634,0,0,1062,729,2509,1488,669
U.S. Senate,Federal,General,Precinct,2018,4103 USF Cedar Dr,33620,Tampa,FL,Hillsborough,1768,280,1036,4,0,10,955,1.85,0.18,0.16,0.29,0.13,1.59,0.44,0.59,1.08,0.50,2.46,0.74,1.38,0.36,4,41,154,169,443,14,35,95,335,498,122,786,169,0,421,1,0,1,10,346,0,0,176,835,99,18,3
U.S. Senate,Federal,General,Precinct,2018,11380 Brookgreen Dr,33624,Tampa,FL,Hillsborough,3483,615,1269,6,0,26,2310,1.51,0.24,0.18,0.27,0.09,1.12,0.43,0.36,0.55,0.19,1.27,0.54,0.82,0.33,1,81,274,856,933,46,19,100,978,1245,87,2152,158,0,1003,0,0,3,3,752,0,1,548,250,816,842,402
U.S. Senate,Federal,General,Precinct,2018,15550 Spring Pine Dr,33624,Tampa,FL,Hillsborough,1958,629,614,2,0,15,1296,1.51,0.39,0.32,0.49,0.16,1.24,0.33,0.31,0.47,0.16,1.43,0.63,0.96,0.27,2,37,84,207,907,16,7,36,577,693,26,1233,63,0,428,0,0,2,1,356,1,0,508,112,394,470,320
U.S. Senate,Federal,General,Precinct,2018,15728 Country Lake Dr,33624,Tampa,FL,Hillsborough,4083,1296,1368,11,1,36,2687,1.52,0.34,0.32,0.48,0.16,1.40,0.37,0.34,0.51,0.17,1.37,0.65,0.99,0.28,8,103,216,556,1683,37,17,67,1214,1400,73,2564,123,0,998,0,2,5,7,747,0,1,927,280,762,1088,557
U.S. Senate,Federal,General,Precinct,2018,4417 Northdale Blvd,33624,Tampa,FL,Hillsborough,2550,640,941,7,0,12,1685,1.51,0.29,0.25,0.38,0.13,1.31,0.41,0.37,0.56,0.19,1.36,0.62,0.94,0.29,2,43,182,311,1045,29,9,64,706,932,47,1489,196,0,692,0,0,11,5,489,0,0,488,193,540,580,372
U.S. Senate,Federal,General,Precinct,2018,4811 Ehrlich Rd,33624,Tampa,FL,Hillsborough,4026,1431,1379,7,1,21,2767,1.46,0.39,0.36,0.52,0.16,1.32,0.34,0.34,0.50,0.16,1.45,0.70,1.02,0.26,7,68,120,365,2062,54,12,79,1262,1446,59,2656,111,1,954,0,2,6,4,717,0,1,1082,261,692,1046,768
U.S. Senate,Federal,General,Precinct,2018,10619 Henderson Rd,33625,Tampa,FL,Hillsborough,3735,889,1323,8,1,21,2469,1.51,0.28,0.24,0.36,0.12,1.30,0.41,0.35,0.54,0.18,1.30,0.59,0.90,0.30,10,114,264,734,1199,51,12,85,1056,1330,83,2309,160,0,1021,0,2,3,5,752,0,0,686,252,800,942,475
U.S. Senate,Federal,General,Precinct,2018,11450 Faith Cir,33625,Tampa,FL,Hillsborough,4498,1036,1535,12,0,28,2853,1.58,0.28,0.23,0.36,0.13,1.31,0.40,0.34,0.54,0.20,1.35,0.57,0.90,0.32,5,66,233,1025,1361,43,23,97,1282,1478,92,2694,159,0,1140,0,3,7,6,904,0,0,793,316,972,1094,471
U.S. Senate,Federal,General,Precinct,2018,13312 Cain Rd,33625,Tampa,FL,Hillsborough,4742,1420,1568,12,0,18,3097,1.53,0.37,0.30,0.46,0.16,1.24,0.34,0.33,0.51,0.18,1.49,0.63,0.96,0.28,5,162,226,593,1940,49,17,105,1420,1579,98,2933,164,0,1053,0,1,13,10,872,1,0,1147,328,911,1378,480
U.S. Senate,Federal,General,Precinct,2018,14514 Del Valle Rd,33625,Tampa,FL,Hillsborough,3834,1365,1307,8,0,21,2542,1.51,0.41,0.36,0.54,0.18,1.32,0.32,0.34,0.51,0.17,1.59,0.70,1.05,0.26,6,61,223,314,1814,49,12,63,1222,1255,65,2425,117,2,821,0,0,7,12,669,0,0,1031,279,685,1128,450
U.S. Senate,Federal,General,Precinct,2018,5395 Ehrlich Rd,33625,Tampa,FL,Hillsborough,4043,1297,1398,9,0,25,2750,1.47,0.37,0.32,0.47,0.15,1.26,0.36,0.35,0.51,0.16,1.41,0.67,0.98,0.26,6,58,158,516,1885,37,11,79,1261,1410,79,2597,153,0,989,0,1,9,11,709,0,1,1030,250,695,1178,627
U.S. Senate,Federal,General,Precinct,2018,10405 Countryway Blvd,33626,Tampa,FL,Hillsborough,4822,1796,1636,4,0,21,3083,1.56,0.44,0.37,0.58,0.21,1.33,0.27,0.34,0.53,0.19,1.96,0.71,1.11,0.28,4,115,117,227,2491,39,19,71,1466,1536,81,2829,254,0,833,0,2,9,17,873,0,0,1349,328,1071,1307,377
U.S. Senate,Federal,General,Precinct,2018,10701 Sheldon Rd,33626,Tampa,FL,Hillsborough,6908,2134,2347,19,0,25,4330,1.60,0.35,0.31,0.49,0.18,1.40,0.32,0.34,0.54,0.20,1.70,0.65,1.03,0.32,13,268,313,684,2798,90,31,133,1970,2240,120,3912,418,0,1382,0,0,16,9,1399,0,0,1524,428,1590,1710,602
U.S. Senate,Federal,General,Precinct,2018,11211 Countryway Blvd,33626,Tampa,FL,Hillsborough,3047,1146,1018,4,0,12,1965,1.55,0.44,0.38,0.58,0.21,1.31,0.27,0.33,0.52,0.18,1.92,0.71,1.10,0.28,4,68,84,162,1564,23,12,48,947,972,46,1827,138,1,529,0,0,9,5,547,0,1,873,191,568,904,302
U.S. Senate,Federal,General,Precinct,2018,11211 Sheldon Rd,33626,Tampa,FL,Hillsborough,1479,337,434,3,2,8,926,1.60,0.24,0.23,0.36,0.14,1.54,0.42,0.29,0.47,0.18,1.10,0.52,0.83,0.33,2,23,94,255,514,21,5,12,370,534,22,839,87,0,393,0,1,2,4,307,0,0,219,110,289,294,233
U.S. Senate,Federal,General,Precinct,2018,12951 W Linebaugh Ave,33626,Tampa,FL,Hillsborough,1137,443,341,1,0,5,780,1.46,0.45,0.39,0.57,0.18,1.25,0.30,0.30,0.44,0.14,1.44,0.69,1.01,0.24,4,13,33,69,624,11,7,19,326,437,17,704,76,0,236,0,0,4,2,184,0,0,354,60,178,230,312
U.S. Senate,Federal,General,Precinct,2018,14301 Nine Eagles Dr,33626,Tampa,FL,Hillsborough,6760,2812,1927,12,1,20,4383,1.54,0.45,0.42,0.64,0.23,1.42,0.25,0.29,0.44,0.15,1.77,0.70,1.08,0.29,13,309,188,337,3329,64,22,121,2050,2203,129,4155,228,0,1087,0,1,21,9,1290,0,0,1975,410,1254,2060,659
U.S. Senate,Federal,General,Precinct,2018,14720 Ed Radice Dr,33626,Tampa,FL,Hillsborough,1650,686,484,4,0,5,1114,1.48,0.44,0.42,0.62,0.20,1.40,0.29,0.29,0.43,0.14,1.51,0.71,1.05,0.27,0,23,46,116,890,8,5,26,520,571,23,1074,40,0,320,0,1,6,1,296,0,1,489,96,278,558,182
U.S. Senate,Federal,General,Precinct,2018,2515 Bayshore Blvd,33629,Tampa,FL,Hillsborough,2282,908,828,3,0,14,1544,1.48,0.47,0.40,0.59,0.19,1.25,0.30,0.36,0.54,0.17,1.78,0.76,1.12,0.22,4,44,18,88,1327,18,6,39,718,792,34,1467,77,0,466,0,0,2,6,343,0,0,727,142,387,741,274
U.S. Senate,Federal,General,Precinct,2018,2629 Bayshore Blvd,33629,Tampa,FL,Hillsborough,3224,1159,1316,3,0,11,2148,1.50,0.42,0.36,0.54,0.18,1.29,0.36,0.41,0.61,0.20,1.70,0.77,1.15,0.21,5,27,37,139,1865,25,9,41,910,1206,32,1987,161,0,774,0,0,8,10,457,0,0,899,149,545,591,863
U.S. Senate,Federal,General,Precinct,2018,3511 W Bay To Bay Blvd,33629,Tampa,FL,Hillsborough,4709,1906,1713,5,0,28,3187,1.48,0.48,0.40,0.60,0.19,1.24,0.31,0.36,0.54,0.17,1.76,0.77,1.14,0.21,2,80,37,167,2802,27,14,58,1484,1645,58,3034,153,0,973,0,4,5,10,662,0,0,1533,279,1033,1358,517
U.S. Senate,Federal,General,Precinct,2018,3723 W Bay To Bay Blvd,33629,Tampa,FL,Hillsborough,5728,2403,2039,7,2,18,3879,1.48,0.49,0.42,0.62,0.20,1.27,0.32,0.36,0.53,0.17,1.65,0.78,1.15,0.19,4,71,47,247,3379,42,9,80,1836,1978,65,3677,202,0,1234,0,3,9,7,733,0,0,1893,326,1192,1686,675
U.S. Senate,Federal,General,Precinct,2018,4811 George Rd,33634,Tampa,FL,Hillsborough,1979,319,695,2,0,6,1323,1.50,0.20,0.16,0.24,0.08,1.19,0.43,0.35,0.53,0.17,1.23,0.51,0.77,0.36,3,26,243,363,595,24,15,54,610,668,44,1031,292,0,563,0,0,8,11,474,0,0,267,205,641,336,141
U.S. Senate,Federal,General,Precinct,2018,5500 Memorial Hwy,33634,Tampa,FL,Hillsborough,4247,1034,1205,7,1,24,2814,1.51,0.28,0.24,0.37,0.12,1.33,0.40,0.28,0.43,0.14,1.08,0.53,0.80,0.32,9,82,246,961,1358,36,31,91,1315,1391,108,2567,247,0,1115,0,1,2,6,911,0,0,779,342,934,957,581
U.S. Senate,Federal,General,Precinct,2018,5601 Hanley Rd,33634,Tampa,FL,Hillsborough,5797,1287,1961,8,0,19,3764,1.54,0.26,0.22,0.34,0.12,1.32,0.42,0.34,0.52,0.18,1.25,0.56,0.86,0.32,4,156,370,1350,1628,67,30,159,1654,1959,151,3550,214,0,1571,0,2,3,9,1206,0,1,972,359,1180,1403,822
U.S. Senate,Federal,General,Precinct,2018,7002 W Hanna Ave,33634,Tampa,FL,Hillsborough,3206,623,920,1,1,14,2126,1.51,0.23,0.19,0.29,0.10,1.28,0.44,0.29,0.43,0.15,0.99,0.48,0.73,0.33,5,50,140,1099,683,31,11,107,948,1063,115,1972,154,0,931,0,1,1,4,703,1,0,485,249,634,773,470
U.S. Senate,Federal,General,Precinct,2018,8307 Double Branch Rd,33635,Tampa,FL,Hillsborough,3924,901,1330,7,0,16,2464,1.59,0.29,0.23,0.37,0.14,1.26,0.37,0.34,0.54,0.20,1.46,0.57,0.91,0.33,12,100,288,416,1518,45,24,61,1123,1283,58,2136,328,1,908,0,2,10,7,821,0,0,715,292,1123,818,231
U.S. Senate,Federal,General,Precinct,2018,11400 Morris Bridge Rd,33637,Tampa,FL,Hillsborough,2351,411,917,6,0,9,1557,1.51,0.22,0.17,0.26,0.09,1.20,0.45,0.39,0.59,0.20,1.31,0.56,0.85,0.33,7,83,318,259,773,38,17,62,688,804,65,1300,257,1,698,0,3,3,3,507,0,0,342,271,624,481,181
U.S. Senate,Federal,General,Precinct,2018,7620 Wakulla Dr,33637,Tampa,FL,Hillsborough,1597,307,733,5,1,6,1032,1.55,0.25,0.19,0.30,0.11,1.19,0.47,0.46,0.71,0.25,1.52,0.65,1.01,0.28,6,46,237,109,552,33,15,34,407,588,37,930,102,0,483,0,1,3,2,285,0,0,258,136,340,360,196
U.S. Senate,Federal,General,Precinct,2018,8610 Temple Terrace HWY,33637,Tampa,FL,Hillsborough,1213,172,551,1,0,3,803,1.51,0.17,0.14,0.21,0.07,1.29,0.54,0.45,0.69,0.23,1.26,0.60,0.90,0.29,7,25,306,118,288,17,7,35,316,448,39,707,96,0,437,0,0,2,1,230,0,0,133,119,290,308,86
U.S. Senate,Federal,General,Precinct,2018,10001 Cross Creek Blvd,33647,Tampa,FL,Hillsborough,7896,2100,2909,11,0,31,5112,1.54,0.33,0.27,0.41,0.14,1.24,0.37,0.37,0.57,0.20,1.53,0.63,0.98,0.29,13,341,748,669,2990,102,59,190,2340,2611,161,4730,382,0,1896,0,1,11,12,1494,0,1,1697,697,1523,2156,736
U.S. Senate,Federal,General,Precinct,2018,16101 Compton Dr,33647,Tampa,FL,Hillsborough,3309,985,1310,6,0,14,2227,1.49,0.34,0.30,0.44,0.14,1.32,0.38,0.40,0.59,0.19,1.57,0.69,1.03,0.28,6,136,199,229,1524,47,23,63,1055,1118,54,2051,176,0,837,0,5,6,6,624,0,0,749,278,634,902,413
U.S. Senate,Federal,General,Precinct,2018,17302 Commerce Park Blvd,33647,Tampa,FL,Hillsborough,4407,981,1747,6,0,20,2756,1.60,0.26,0.22,0.36,0.13,1.39,0.40,0.40,0.63,0.24,1.58,0.62,0.99,0.34,2,270,509,400,1341,73,39,122,1201,1458,97,2388,368,0,1109,0,0,6,8,928,0,0,705,472,1093,932,259
U.S. Senate,Federal,General,Precinct,2018,19911 Bruce B Downs Blvd,33647,Tampa,FL,Hillsborough,6199,1586,2221,8,0,31,3937,1.57,0.31,0.26,0.40,0.15,1.31,0.37,0.36,0.56,0.21,1.54,0.61,0.97,0.32,9,335,543,581,2179,93,45,152,1787,2014,136,3710,227,1,1440,0,1,13,4,1265,0,1,1212,461,1270,1544,662
U.S. Senate,Federal,General,Precinct,2018,6460 Tampa Palms Blvd,33647,Tampa,FL,Hillsborough,3000,764,1109,7,0,18,2011,1.49,0.33,0.25,0.38,0.13,1.16,0.37,0.37,0.55,0.18,1.49,0.62,0.93,0.29,5,65,327,220,1281,41,24,48,933,1027,50,1689,322,0,742,0,2,12,6,590,0,0,659,375,738,647,251
U.S. Senate,Federal,General,Precinct,2018,9724 Cross Creek Blvd,33647,Tampa,FL,Hillsborough,7829,2043,3187,9,1,29,4788,1.64,0.30,0.26,0.43,0.17,1.40,0.37,0.41,0.67,0.26,1.81,0.67,1.09,0.32,12,398,693,628,2735,106,47,169,2168,2466,152,4348,440,0,1759,1,3,22,13,1533,0,0,1457,599,1781,1818,590
U.S. Senate,Federal,General,Precinct,2018,10002 N 56th St,33617,Temple Terrace,FL,Hillsborough,2144,288,979,4,1,12,1557,1.38,0.14,0.13,0.18,0.05,1.30,0.54,0.46,0.63,0.17,1.15,0.59,0.81,0.31,6,34,571,221,598,33,24,70,621,873,63,1193,364,0,848,0,1,5,4,476,2,0,221,247,678,468,164
U.S. Senate,Federal,General,Precinct,2018,415 Woodmont Ave,33617,Temple Terrace,FL,Hillsborough,3379,980,1403,5,0,17,2472,1.37,0.33,0.29,0.40,0.11,1.18,0.43,0.42,0.57,0.15,1.32,0.71,0.96,0.23,5,52,408,223,1630,45,24,85,1079,1312,81,2216,256,0,1062,0,6,4,6,565,0,1,828,313,677,882,600
U.S. Senate,Federal,General,Precinct,2018,420 Bullard Pkwy,33617,Temple Terrace,FL,Hillsborough,2679,649,1068,8,1,7,1797,1.49,0.29,0.24,0.36,0.12,1.26,0.45,0.40,0.59,0.20,1.32,0.64,0.96,0.26,6,26,293,234,1136,19,19,64,776,966,55,1635,162,2,808,0,5,3,4,460,0,0,515,220,504,689,384
U.S. Senate,Federal,General,Precinct,2018,502 Druid Hills Rd,33617,Temple Terrace,FL,Hillsborough,4047,1258,1749,10,1,25,2826,1.43,0.35,0.31,0.45,0.13,1.29,0.43,0.43,0.62,0.19,1.45,0.74,1.06,0.22,5,55,358,232,2019,53,30,74,1274,1483,69,2541,285,0,1207,0,1,9,9,625,0,0,975,355,748,948,775
U.S. Senate,Federal,General,Precinct,2018,6161 E Fowler Ave,33617,Temple Terrace,FL,Hillsborough,2129,591,940,5,0,12,1517,1.40,0.30,0.28,0.39,0.11,1.28,0.43,0.44,0.62,0.18,1.46,0.72,1.01,0.26,4,53,167,119,1070,33,9,62,679,789,49,1347,170,0,645,0,1,3,10,396,0,0,462,215,442,471,389
U.S. Senate,Federal,General,Precinct,2018,10650 McIntosh Rd,33592,Thonotosassa,FL,Hillsborough,1739,852,258,3,0,3,1183,1.47,0.48,0.49,0.72,0.23,1.50,0.25,0.15,0.22,0.07,0.88,0.64,0.94,0.27,2,16,21,81,1034,6,4,19,568,589,26,1141,42,0,293,0,0,5,0,315,0,1,569,131,282,521,249
U.S. Senate,Federal,General,Precinct,2018,10715 Main St,33592,Thonotosassa,FL,Hillsborough,1457,510,321,3,0,10,968,1.51,0.36,0.35,0.53,0.18,1.44,0.34,0.22,0.33,0.11,0.98,0.57,0.86,0.29,2,6,113,77,737,6,1,26,452,487,29,876,92,0,328,0,1,4,5,277,0,0,353,113,239,373,243
U.S. Senate,Federal,General,Precinct,2018,11706 Williams Rd,33592,Thonotosassa,FL,Hillsborough,2653,686,878,14,0,11,1915,1.39,0.27,0.26,0.36,0.10,1.33,0.45,0.33,0.46,0.13,1.01,0.59,0.82,0.26,10,18,449,148,1188,30,14,58,858,1009,48,1709,206,0,866,0,3,8,14,506,1,1,516,176,560,756,423
U.S. Senate,Federal,General,Precinct,2018,12735 Knights Griffin Rd,33592,Thonotosassa,FL,Hillsborough,990,444,158,3,0,8,671,1.48,0.46,0.45,0.66,0.21,1.45,0.30,0.16,0.24,0.08,0.79,0.61,0.90,0.24,3,5,17,20,602,5,1,18,293,362,16,650,21,0,199,0,2,0,1,162,0,0,307,67,150,286,168
U.S. Senate,Federal,General,Precinct,2018,13515 N US Highway 301,33592,Thonotosassa,FL,Hillsborough,2039,983,436,1,1,6,1314,1.55,0.48,0.48,0.75,0.27,1.57,0.29,0.21,0.33,0.12,1.15,0.70,1.08,0.23,11,36,62,71,1087,13,5,29,600,686,28,1226,88,0,378,0,0,1,0,308,0,2,625,128,268,577,341
U.S. Senate,Federal,General,Precinct,2018,15820 Morris Bridge Rd,33592,Thonotosassa,FL,Hillsborough,9537,2330,3900,27,2,35,5791,1.65,0.28,0.24,0.40,0.16,1.41,0.38,0.41,0.67,0.26,1.79,0.65,1.08,0.33,15,721,1068,697,2738,185,108,259,2656,2917,218,5308,483,0,2178,0,3,27,10,1925,0,0,1648,755,2044,2265,727
U.S. Senate,Federal,General,Precinct,2018,106 Rolling Hills Blvd,33594,Valrico,FL,Hillsborough,949,339,256,7,0,6,588,1.61,0.34,0.36,0.58,0.22,1.72,0.39,0.27,0.44,0.17,1.12,0.63,1.01,0.26,2,7,40,102,417,3,4,13,244,327,17,551,37,0,229,0,0,7,4,151,0,0,197,30,82,205,271
U.S. Senate,Federal,General,Precinct,2018,1720 St Cloud Ave,33594,Valrico,FL,Hillsborough,3994,1604,994,10,0,22,2700,1.48,0.47,0.40,0.59,0.19,1.27,0.27,0.25,0.37,0.12,1.36,0.65,0.96,0.25,10,103,188,284,1995,38,18,64,1268,1374,58,2603,97,1,732,0,1,10,8,684,0,1,1263,302,695,1159,544
U.S. Senate,Federal,General,Precinct,2018,3402 Activities Lane,33594,Valrico,FL,Hillsborough,4545,1686,1213,7,0,28,2914,1.56,0.40,0.37,0.58,0.21,1.45,0.33,0.27,0.42,0.15,1.26,0.64,0.99,0.26,12,60,269,416,2024,30,15,88,1255,1575,84,2759,155,1,962,0,0,12,5,771,0,0,1163,301,720,1132,761
U.S. Senate,Federal,General,Precinct,2018,604 N Valrico Rd,33594,Valrico,FL,Hillsborough,1698,538,485,2,0,2,1110,1.53,0.35,0.32,0.48,0.17,1.37,0.35,0.29,0.44,0.15,1.23,0.60,0.92,0.29,4,44,140,189,667,19,9,38,505,588,17,1060,50,0,394,0,0,3,1,320,0,0,392,103,324,485,198
U.S. Senate,Federal,General,Precinct,2018,1801 S Miller Rd,33596,Valrico,FL,Hillsborough,5969,2474,1573,14,1,24,4136,1.44,0.48,0.41,0.60,0.18,1.25,0.28,0.26,0.38,0.12,1.35,0.68,0.98,0.23,16,106,315,388,3171,43,21,76,1933,2115,88,3927,209,0,1165,0,1,5,13,971,0,1,1980,420,1044,1793,879
U.S. Senate,Federal,General,Precinct,2018,1906 Bloomingdale Ave,33596,Valrico,FL,Hillsborough,654,248,188,4,1,4,447,1.46,0.48,0.38,0.55,0.18,1.16,0.26,0.29,0.42,0.13,1.62,0.67,0.98,0.26,1,4,21,25,375,4,1,16,227,211,9,418,29,0,116,0,0,1,2,114,0,0,214,42,133,173,99
U.S. Senate,Federal,General,Precinct,2018,2215 Bloomingdale Ave,33596,Valrico,FL,Hillsborough,810,320,169,2,0,2,556,1.46,0.47,0.40,0.58,0.18,1.23,0.24,0.21,0.30,0.10,1.26,0.60,0.88,0.28,6,21,29,40,445,2,1,12,255,291,10,518,38,0,134,0,1,3,0,156,0,1,261,59,151,233,113
U.S. Senate,Federal,General,Precinct,2018,3414 Culbreath Rd,33596,Valrico,FL,Hillsborough,1931,683,557,5,0,6,1286,1.50,0.43,0.35,0.53,0.18,1.24,0.30,0.29,0.43,0.14,1.47,0.64,0.96,0.27,2,29,109,133,953,15,11,34,575,666,45,1215,71,0,380,0,1,1,5,346,0,0,553,163,387,539,197
U.S. Senate,Federal,General,Precinct,2018,3943 New River Hills Pkwy,33596,Valrico,FL,Hillsborough,2493,1316,520,4,0,13,1723,1.45,0.60,0.53,0.76,0.24,1.28,0.18,0.21,0.30,0.09,1.64,0.74,1.07,0.21,2,39,47,76,1500,16,7,36,813,869,41,1624,99,0,318,0,0,3,5,367,0,0,1030,165,386,767,405
U.S. Senate,Federal,General,Precinct,2018,4113 Great Golfers Pl,33596,Valrico,FL,Hillsborough,2386,1043,581,4,0,7,1566,1.52,0.54,0.44,0.67,0.23,1.24,0.21,0.24,0.37,0.13,1.73,0.68,1.04,0.25,5,44,87,82,1294,17,10,27,747,788,31,1484,82,0,335,0,1,5,0,386,0,0,839,182,380,713,291
U.S. Senate,Federal,General,Precinct,2018,4929 Bell Shoals Rd,33596,Valrico,FL,Hillsborough,4749,1851,1283,13,1,17,3186,1.49,0.45,0.39,0.58,0.19,1.30,0.29,0.27,0.40,0.13,1.40,0.66,0.98,0.26,10,67,236,294,2438,31,21,89,1519,1583,84,3007,179,0,916,0,2,11,8,824,0,1,1424,328,837,1369,652
U.S. Senate,Federal,General,Precinct,2018,14747 Balm Wimauma Rd,33598,Wimauma,FL,Hillsborough,3878,1313,838,6,0,3,2396,1.62,0.36,0.34,0.55,0.21,1.51,0.31,0.22,0.35,0.13,1.12,0.55,0.90,0.31,10,43,170,390,1683,14,21,65,1126,1205,65,2273,123,0,747,0,0,14,9,754,1,0,871,312,798,937,349
U.S. Senate,Federal,General,Precinct,2018,5705 Hillsborough St,33598,Wimauma,FL,Hillsborough,6389,2053,1872,10,0,28,3674,1.74,0.32,0.32,0.56,0.24,1.75,0.34,0.29,0.51,0.22,1.49,0.61,1.07,0.33,9,70,258,1017,2191,38,13,78,1653,1925,96,3533,141,0,1254,0,0,24,6,1214,0,0,1176,468,841,1131,1234
